site,bay,date,month,year,Species,Length (mm)
Laminaria East,Cook ,7/12/2019,July,2019,Pacific cod,61
Eelgrass South,Cook ,7/15/2019,July,2019,Pacific cod,58
Eelgrass South,Cook ,7/15/2019,July,2019,Pacific cod,60
Eelgrass South,Cook ,8/21/2019,Aug,2019,Pacific cod,75
Eelgrass West,Cook ,12/3/2018,Dec,2018,Pacific cod,92
Eelgrass West,Cook ,12/3/2018,Dec,2018,Pacific cod,105
Eelgrass West,Cook ,12/3/2018,Dec,2018,Pacific cod,106
Eelgrass West,Cook ,12/3/2018,Dec,2018,Pacific cod,95
Eelgrass West,Cook ,12/3/2018,Dec,2018,Pacific cod,88
Eelgrass South,Cook ,6/28/2018,June,2018,Pacific cod,206
Eelgrass South,Cook ,6/28/2018,June,2018,Pacific cod,40
Eelgrass South,Cook ,6/28/2018,June,2018,Pacific cod,37
Eelgrass South,Cook ,6/28/2018,June,2018,Pacific cod,33
Eelgrass South,Cook ,6/28/2018,June,2018,Pacific cod,38
Eelgrass South,Cook ,6/28/2018,June,2018,Pacific cod,42
Eelgrass South,Cook ,6/28/2018,June,2018,Pacific cod,44
Eelgrass South,Cook ,6/28/2018,June,2018,Pacific cod,41
Eelgrass South,Cook ,6/28/2018,June,2018,Pacific cod,40
Eelgrass South,Cook ,6/28/2018,June,2018,Pacific cod,62
Eelgrass South,Cook ,6/28/2018,June,2018,Pacific cod,55
Eelgrass South,Cook ,6/28/2018,June,2018,Pacific cod,48
Eelgrass South,Cook ,6/28/2018,June,2018,Pacific cod,52
Eelgrass South,Cook ,6/28/2018,June,2018,Pacific cod,45
Eelgrass South,Cook ,6/28/2018,June,2018,Pacific cod,48
Eelgrass South,Cook ,6/28/2018,June,2018,Pacific cod,55
Eelgrass South,Cook ,6/28/2018,June,2018,Pacific cod,55
Eelgrass South,Cook ,6/28/2018,June,2018,Pacific cod,52
Eelgrass South,Cook ,6/28/2018,June,2018,Pacific cod,53
Eelgrass South,Cook ,6/28/2018,June,2018,Pacific cod,42
Eelgrass South,Cook ,6/28/2018,June,2018,Pacific cod,45
Eelgrass South,Cook ,6/28/2018,June,2018,Pacific cod,52
Eelgrass South,Cook ,6/28/2018,June,2018,Pacific cod,55
Eelgrass South,Cook ,6/28/2018,June,2018,Pacific cod,57
Eelgrass South,Cook ,6/28/2018,June,2018,Pacific cod,45
Eelgrass South,Cook ,6/28/2018,June,2018,Pacific cod,52
Eelgrass South,Cook ,6/28/2018,June,2018,Pacific cod,49
Eelgrass South,Cook ,6/28/2018,June,2018,Pacific cod,55
Eelgrass South,Cook ,6/28/2018,June,2018,Pacific cod,54
Eelgrass South,Cook ,6/28/2018,June,2018,Pacific cod,56
Eelgrass South,Cook ,6/28/2018,June,2018,Pacific cod,65
Eelgrass South,Cook ,6/28/2018,June,2018,Pacific cod,52
Eelgrass South,Cook ,6/28/2018,June,2018,Pacific cod,55
Eelgrass South,Cook ,6/28/2018,June,2018,Pacific cod,53
Eelgrass South,Cook ,6/28/2018,June,2018,Pacific cod,52
Eelgrass South,Cook ,6/28/2018,June,2018,Pacific cod,55
Eelgrass South,Cook ,6/28/2018,June,2018,Pacific cod,51
Eelgrass South,Cook ,6/28/2018,June,2018,Pacific cod,55
Eelgrass South,Cook ,6/28/2018,June,2018,Pacific cod,55
Eelgrass South,Cook ,6/28/2018,June,2018,Pacific cod,54
Eelgrass South,Cook ,6/28/2018,June,2018,Pacific cod,52
Eelgrass South,Cook ,6/28/2018,June,2018,Pacific cod,54
Eelgrass South,Cook ,6/28/2018,June,2018,Pacific cod,54
Eelgrass South,Cook ,6/28/2018,June,2018,Pacific cod,62
Eelgrass South,Cook ,6/28/2018,June,2018,Pacific cod,51
Eelgrass South,Cook ,6/28/2018,June,2018,Pacific cod,54
Eelgrass South,Cook ,6/28/2018,June,2018,Pacific cod,56
Eelgrass South,Cook ,6/28/2018,June,2018,Pacific cod,65
Eelgrass South,Cook ,6/28/2018,June,2018,Pacific cod,51
Eelgrass South,Cook ,6/28/2018,June,2018,Pacific cod,37
Eelgrass South,Cook ,6/28/2018,June,2018,Pacific cod,55
Eelgrass South,Cook ,6/28/2018,June,2018,Pacific cod,42
Eelgrass South,Cook ,6/28/2018,June,2018,Pacific cod,46
Eelgrass South,Cook ,6/28/2018,June,2018,Pacific cod,48
Eelgrass South,Cook ,6/28/2018,June,2018,Pacific cod,52
Eelgrass South,Cook ,6/28/2018,June,2018,Pacific cod,50
Eelgrass South,Cook ,6/28/2018,June,2018,Pacific cod,55
Eelgrass South,Cook ,6/28/2018,June,2018,Pacific cod,40
Eelgrass South,Cook ,6/28/2018,June,2018,Pacific cod,45
Eelgrass South,Cook ,6/28/2018,June,2018,Pacific cod,47
Laminaria North,Cook ,10/8/2018,Oct,2018,Pacific cod,83
Laminaria North,Cook ,10/8/2018,Oct,2018,Pacific cod,102
Laminaria North,Cook ,10/8/2018,Oct,2018,Pacific cod,109
Laminaria North,Cook ,10/8/2018,Oct,2018,Pacific cod,112
Laminaria North,Cook ,10/8/2018,Oct,2018,Pacific cod,87
Laminaria North,Cook ,10/8/2018,Oct,2018,Pacific cod,127
Laminaria North,Cook ,10/8/2018,Oct,2018,Pacific cod,76
Laminaria North,Cook ,10/8/2018,Oct,2018,Pacific cod,100
Laminaria North,Cook ,10/8/2018,Oct,2018,Pacific cod,101
Laminaria North,Cook ,10/8/2018,Oct,2018,Pacific cod,89
Laminaria North,Cook ,10/8/2018,Oct,2018,Pacific cod,107
Laminaria North,Cook ,10/8/2018,Oct,2018,Pacific cod,86
Laminaria North,Cook ,10/8/2018,Oct,2018,Pacific cod,99
Laminaria North,Cook ,10/8/2018,Oct,2018,Pacific cod,83
Eelgrass South,Cook ,10/8/2018,Oct,2018,Pacific cod,97
Eelgrass South,Cook ,10/8/2018,Oct,2018,Pacific cod,89
Eelgrass South,Cook ,10/8/2018,Oct,2018,Pacific cod,83
Eelgrass South,Cook ,10/8/2018,Oct,2018,Pacific cod,128
Eelgrass South,Cook ,10/8/2018,Oct,2018,Pacific cod,109
Eelgrass South,Cook ,10/8/2018,Oct,2018,Pacific cod,102
Eelgrass South,Cook ,10/8/2018,Oct,2018,Pacific cod,99
Eelgrass South,Cook ,10/8/2018,Oct,2018,Pacific cod,94
Eelgrass South,Cook ,10/8/2018,Oct,2018,Pacific cod,100
Eelgrass South,Cook ,10/8/2018,Oct,2018,Pacific cod,97
Eelgrass South,Cook ,10/8/2018,Oct,2018,Pacific cod,90
Eelgrass South,Cook ,10/8/2018,Oct,2018,Pacific cod,126
Eelgrass South,Cook ,10/8/2018,Oct,2018,Pacific cod,92
Eelgrass South,Cook ,10/8/2018,Oct,2018,Pacific cod,91
Eelgrass South,Cook ,10/8/2018,Oct,2018,Pacific cod,92
Eelgrass South,Cook ,10/8/2018,Oct,2018,Pacific cod,91
Eelgrass West,Cook ,10/8/2018,Oct,2018,Pacific cod,93
Eelgrass West,Cook ,10/8/2018,Oct,2018,Pacific cod,89
Eelgrass West,Cook ,10/8/2018,Oct,2018,Pacific cod,92
Eelgrass West,Cook ,10/8/2018,Oct,2018,Pacific cod,89
Eelgrass West,Cook ,10/8/2018,Oct,2018,Pacific cod,95
Eelgrass West,Cook ,10/8/2018,Oct,2018,Pacific cod,91
Eelgrass West,Cook ,10/8/2018,Oct,2018,Pacific cod,120
Eelgrass West,Cook ,10/8/2018,Oct,2018,Pacific cod,92
Eelgrass West,Cook ,10/8/2018,Oct,2018,Pacific cod,101
Eelgrass West,Cook ,10/8/2018,Oct,2018,Pacific cod,95
Eelgrass West,Cook ,10/8/2018,Oct,2018,Pacific cod,95
Eelgrass West,Cook ,10/8/2018,Oct,2018,Pacific cod,106
Eelgrass West,Cook ,10/8/2018,Oct,2018,Pacific cod,112
Eelgrass West,Cook ,10/8/2018,Oct,2018,Pacific cod,104
Eelgrass West,Cook ,10/8/2018,Oct,2018,Pacific cod,110
Eelgrass West,Cook ,10/8/2018,Oct,2018,Pacific cod,103
Eelgrass West,Cook ,10/8/2018,Oct,2018,Pacific cod,95
Eelgrass West,Cook ,10/8/2018,Oct,2018,Pacific cod,92
Eelgrass West,Cook ,10/8/2018,Oct,2018,Pacific cod,94
Eelgrass West,Cook ,10/8/2018,Oct,2018,Pacific cod,90
Laminaria East,Cook ,10/8/2018,Oct,2018,Pacific cod,85
Laminaria East,Cook ,10/8/2018,Oct,2018,Pacific cod,89
Laminaria East,Cook ,9/25/2018,Sept,2018,Pacific cod,83
Laminaria East,Cook ,9/25/2018,Sept,2018,Pacific cod,100
Laminaria East,Cook ,9/25/2018,Sept,2018,Pacific cod,86
Laminaria East,Cook ,9/25/2018,Sept,2018,Pacific cod,97
Laminaria East,Cook ,9/25/2018,Sept,2018,Pacific cod,90
Laminaria East,Cook ,9/25/2018,Sept,2018,Pacific cod,80
Laminaria East,Cook ,9/25/2018,Sept,2018,Pacific cod,96
Laminaria East,Cook ,9/25/2018,Sept,2018,Pacific cod,89
Laminaria East,Cook ,9/25/2018,Sept,2018,Pacific cod,99
Laminaria East,Cook ,9/25/2018,Sept,2018,Pacific cod,95
Laminaria East,Cook ,9/25/2018,Sept,2018,Pacific cod,83
Laminaria East,Cook ,9/25/2018,Sept,2018,Pacific cod,102
Laminaria East,Cook ,9/25/2018,Sept,2018,Pacific cod,83
Laminaria East,Cook ,9/25/2018,Sept,2018,Pacific cod,81
Laminaria East,Cook ,9/25/2018,Sept,2018,Pacific cod,80
Laminaria East,Cook ,9/25/2018,Sept,2018,Pacific cod,100
Laminaria East,Cook ,9/25/2018,Sept,2018,Pacific cod,81
Laminaria East,Cook ,9/25/2018,Sept,2018,Pacific cod,94
Laminaria East,Cook ,9/25/2018,Sept,2018,Pacific cod,100
Laminaria East,Cook ,9/25/2018,Sept,2018,Pacific cod,84
Laminaria East,Cook ,9/25/2018,Sept,2018,Pacific cod,80
Laminaria East,Cook ,9/25/2018,Sept,2018,Pacific cod,76
Laminaria East,Cook ,9/25/2018,Sept,2018,Pacific cod,83
Eelgrass South,Cook ,9/25/2018,Sept,2018,Pacific cod,95
Eelgrass South,Cook ,9/25/2018,Sept,2018,Pacific cod,102
Eelgrass South,Cook ,9/25/2018,Sept,2018,Pacific cod,80
Eelgrass South,Cook ,9/25/2018,Sept,2018,Pacific cod,90
Eelgrass South,Cook ,9/25/2018,Sept,2018,Pacific cod,78
Eelgrass South,Cook ,9/25/2018,Sept,2018,Pacific cod,86
Eelgrass South,Cook ,9/25/2018,Sept,2018,Pacific cod,103
Eelgrass South,Cook ,9/25/2018,Sept,2018,Pacific cod,85
Laminaria North,Cook ,9/25/2018,Sept,2018,Pacific cod,118
Laminaria North,Cook ,9/25/2018,Sept,2018,Pacific cod,95
Laminaria North,Cook ,9/25/2018,Sept,2018,Pacific cod,88
Laminaria North,Cook ,9/25/2018,Sept,2018,Pacific cod,94
Laminaria North,Cook ,9/25/2018,Sept,2018,Pacific cod,88
Laminaria North,Cook ,9/25/2018,Sept,2018,Pacific cod,98
Laminaria North,Cook ,9/25/2018,Sept,2018,Pacific cod,89
Laminaria North,Cook ,9/25/2018,Sept,2018,Pacific cod,87
Laminaria North,Cook ,9/25/2018,Sept,2018,Pacific cod,83
Laminaria North,Cook ,9/25/2018,Sept,2018,Pacific cod,95
Laminaria North,Cook ,9/25/2018,Sept,2018,Pacific cod,115
Laminaria North,Cook ,9/25/2018,Sept,2018,Pacific cod,119
Laminaria North,Cook ,9/25/2018,Sept,2018,Pacific cod,75
Laminaria North,Cook ,9/25/2018,Sept,2018,Pacific cod,78
Laminaria North,Cook ,9/25/2018,Sept,2018,Pacific cod,100
Laminaria North,Cook ,9/25/2018,Sept,2018,Pacific cod,109
Laminaria North,Cook ,9/25/2018,Sept,2018,Pacific cod,101
Laminaria North,Cook ,9/25/2018,Sept,2018,Pacific cod,90
Laminaria North,Cook ,9/25/2018,Sept,2018,Pacific cod,94
Laminaria North,Cook ,9/25/2018,Sept,2018,Pacific cod,93
Laminaria North,Cook ,9/25/2018,Sept,2018,Pacific cod,102
Laminaria North,Cook ,9/25/2018,Sept,2018,Pacific cod,111
Laminaria North,Cook ,9/25/2018,Sept,2018,Pacific cod,87
Laminaria North,Cook ,9/25/2018,Sept,2018,Pacific cod,86
Laminaria North,Cook ,9/25/2018,Sept,2018,Pacific cod,98
Laminaria North,Cook ,9/25/2018,Sept,2018,Pacific cod,82
Laminaria North,Cook ,9/25/2018,Sept,2018,Pacific cod,92
Laminaria North,Cook ,9/25/2018,Sept,2018,Pacific cod,113
Laminaria North,Cook ,9/25/2018,Sept,2018,Pacific cod,86
Laminaria North,Cook ,9/25/2018,Sept,2018,Pacific cod,101
Laminaria North,Cook ,9/25/2018,Sept,2018,Pacific cod,91
Laminaria North,Cook ,9/25/2018,Sept,2018,Pacific cod,91
Laminaria North,Cook ,9/25/2018,Sept,2018,Pacific cod,78
Laminaria North,Cook ,9/25/2018,Sept,2018,Pacific cod,96
Laminaria North,Cook ,9/25/2018,Sept,2018,Pacific cod,93
Laminaria North,Cook ,9/25/2018,Sept,2018,Pacific cod,97
Laminaria North,Cook ,9/25/2018,Sept,2018,Pacific cod,110
Laminaria North,Cook ,9/25/2018,Sept,2018,Pacific cod,87
Laminaria North,Cook ,9/25/2018,Sept,2018,Pacific cod,85
Eelgrass West,Cook ,9/25/2018,Sept,2018,Pacific cod,84
Eelgrass West,Cook ,9/25/2018,Sept,2018,Pacific cod,77
Eelgrass West,Cook ,9/25/2018,Sept,2018,Pacific cod,83
Eelgrass West,Cook ,9/25/2018,Sept,2018,Pacific cod,86
Eelgrass West,Cook ,9/25/2018,Sept,2018,Pacific cod,82
Eelgrass West,Cook ,9/25/2018,Sept,2018,Pacific cod,82
Eelgrass West,Cook ,9/25/2018,Sept,2018,Pacific cod,102
Eelgrass West,Cook ,9/25/2018,Sept,2018,Pacific cod,80
Eelgrass West,Cook ,9/25/2018,Sept,2018,Pacific cod,81
Eelgrass West,Cook ,9/25/2018,Sept,2018,Pacific cod,64
Eelgrass West,Cook ,9/25/2018,Sept,2018,Pacific cod,84
Eelgrass West,Cook ,9/25/2018,Sept,2018,Pacific cod,71
Eelgrass West,Cook ,9/25/2018,Sept,2018,Pacific cod,89
Eelgrass West,Cook ,9/25/2018,Sept,2018,Pacific cod,77
Eelgrass West,Cook ,9/25/2018,Sept,2018,Pacific cod,100
Eelgrass West,Cook ,9/25/2018,Sept,2018,Pacific cod,119
Eelgrass West,Cook ,9/25/2018,Sept,2018,Pacific cod,104
Eelgrass West,Cook ,9/25/2018,Sept,2018,Pacific cod,89
Eelgrass West,Cook ,9/25/2018,Sept,2018,Pacific cod,113
Eelgrass West,Cook ,9/25/2018,Sept,2018,Pacific cod,110
Eelgrass West,Cook ,9/25/2018,Sept,2018,Pacific cod,76
Eelgrass West,Cook ,9/25/2018,Sept,2018,Pacific cod,85
Eelgrass West,Cook ,9/25/2018,Sept,2018,Pacific cod,77
Eelgrass West,Cook ,9/25/2018,Sept,2018,Pacific cod,100
Eelgrass West,Cook ,9/25/2018,Sept,2018,Pacific cod,79
Eelgrass West,Cook ,9/25/2018,Sept,2018,Pacific cod,114
Eelgrass West,Cook ,9/25/2018,Sept,2018,Pacific cod,118
Eelgrass West,Cook ,9/25/2018,Sept,2018,Pacific cod,89
Eelgrass West,Cook ,9/25/2018,Sept,2018,Pacific cod,89
Eelgrass West,Cook ,9/25/2018,Sept,2018,Pacific cod,104
Eelgrass West,Cook ,9/25/2018,Sept,2018,Pacific cod,124
Eelgrass West,Cook ,9/25/2018,Sept,2018,Pacific cod,114
Eelgrass West,Cook ,9/25/2018,Sept,2018,Pacific cod,83
Eelgrass West,Cook ,9/25/2018,Sept,2018,Pacific cod,91
Eelgrass West,Cook ,9/25/2018,Sept,2018,Pacific cod,101
Eelgrass West,Cook ,9/25/2018,Sept,2018,Pacific cod,95
Eelgrass West,Cook ,9/25/2018,Sept,2018,Pacific cod,96
Eelgrass West,Cook ,9/25/2018,Sept,2018,Pacific cod,80
Eelgrass West,Cook ,9/25/2018,Sept,2018,Pacific cod,78
Eelgrass West,Cook ,9/25/2018,Sept,2018,Pacific cod,111
Eelgrass West,Cook ,9/25/2018,Sept,2018,Pacific cod,88
Eelgrass West,Cook ,9/25/2018,Sept,2018,Pacific cod,87
Eelgrass West,Cook ,9/25/2018,Sept,2018,Pacific cod,80
Eelgrass West,Cook ,9/25/2018,Sept,2018,Pacific cod,101
Eelgrass West,Cook ,9/25/2018,Sept,2018,Pacific cod,90
Eelgrass West,Cook ,9/25/2018,Sept,2018,Pacific cod,99
Eelgrass West,Cook ,9/25/2018,Sept,2018,Pacific cod,81
Eelgrass West,Cook ,9/25/2018,Sept,2018,Pacific cod,85
Eelgrass West,Cook ,9/25/2018,Sept,2018,Pacific cod,81
Eelgrass West,Cook ,9/25/2018,Sept,2018,Pacific cod,88
Eelgrass West,Cook ,9/25/2018,Sept,2018,Pacific cod,69
Eelgrass West,Cook ,9/25/2018,Sept,2018,Pacific cod,101
Eelgrass West,Cook ,9/25/2018,Sept,2018,Pacific cod,92
Eelgrass West,Cook ,9/25/2018,Sept,2018,Pacific cod,87
Eelgrass West,Cook ,9/25/2018,Sept,2018,Pacific cod,100
Eelgrass West,Cook ,9/25/2018,Sept,2018,Pacific cod,91
Eelgrass West,Cook ,9/25/2018,Sept,2018,Pacific cod,85
Eelgrass West,Cook ,9/25/2018,Sept,2018,Pacific cod,88
Eelgrass West,Cook ,9/25/2018,Sept,2018,Pacific cod,93
Eelgrass West,Cook ,9/25/2018,Sept,2018,Pacific cod,85
Eelgrass West,Cook ,9/25/2018,Sept,2018,Pacific cod,80
Eelgrass West,Cook ,9/25/2018,Sept,2018,Pacific cod,104
Eelgrass West,Cook ,9/25/2018,Sept,2018,Pacific cod,80
Eelgrass West,Cook ,9/25/2018,Sept,2018,Pacific cod,75
Eelgrass West,Cook ,9/25/2018,Sept,2018,Pacific cod,89
Eelgrass West,Cook ,9/25/2018,Sept,2018,Pacific cod,89
Eelgrass West,Cook ,9/25/2018,Sept,2018,Pacific cod,103
Eelgrass West,Cook ,9/25/2018,Sept,2018,Pacific cod,79
Eelgrass West,Cook ,9/25/2018,Sept,2018,Pacific cod,100
Eelgrass West,Cook ,9/25/2018,Sept,2018,Pacific cod,89
Eelgrass West,Cook ,9/25/2018,Sept,2018,Pacific cod,98
Eelgrass West,Cook ,9/25/2018,Sept,2018,Pacific cod,104
Eelgrass West,Cook ,9/25/2018,Sept,2018,Pacific cod,99
Eelgrass West,Cook ,9/25/2018,Sept,2018,Pacific cod,79
Eelgrass West,Cook ,9/25/2018,Sept,2018,Pacific cod,117
Eelgrass West,Cook ,9/25/2018,Sept,2018,Pacific cod,110
Eelgrass West,Cook ,9/25/2018,Sept,2018,Pacific cod,81
Eelgrass West,Cook ,9/25/2018,Sept,2018,Pacific cod,96
Eelgrass West,Cook ,9/25/2018,Sept,2018,Pacific cod,99
Eelgrass West,Cook ,9/25/2018,Sept,2018,Pacific cod,92
Eelgrass West,Cook ,9/25/2018,Sept,2018,Pacific cod,90
Eelgrass West,Cook ,9/25/2018,Sept,2018,Pacific cod,85
Eelgrass West,Cook ,9/25/2018,Sept,2018,Pacific cod,77
Eelgrass West,Cook ,9/25/2018,Sept,2018,Pacific cod,96
Eelgrass West,Cook ,9/25/2018,Sept,2018,Pacific cod,79
Eelgrass West,Cook ,9/25/2018,Sept,2018,Pacific cod,104
Eelgrass West,Cook ,9/25/2018,Sept,2018,Pacific cod,93
Eelgrass West,Cook ,9/25/2018,Sept,2018,Pacific cod,108
Eelgrass West,Cook ,9/25/2018,Sept,2018,Pacific cod,81
Eelgrass West,Cook ,9/25/2018,Sept,2018,Pacific cod,92
Eelgrass West,Cook ,9/25/2018,Sept,2018,Pacific cod,79
Eelgrass West,Cook ,9/25/2018,Sept,2018,Pacific cod,85
Eelgrass West,Cook ,9/25/2018,Sept,2018,Pacific cod,86
Eelgrass West,Cook ,9/25/2018,Sept,2018,Pacific cod,75
Eelgrass West,Cook ,9/25/2018,Sept,2018,Pacific cod,94
Eelgrass West,Cook ,9/25/2018,Sept,2018,Pacific cod,85
Eelgrass West,Cook ,9/25/2018,Sept,2018,Pacific cod,81
Eelgrass West,Cook ,9/25/2018,Sept,2018,Pacific cod,80
Eelgrass West,Cook ,9/25/2018,Sept,2018,Pacific cod,84
Eelgrass West,Cook ,9/25/2018,Sept,2018,Pacific cod,81
Eelgrass West,Cook ,9/25/2018,Sept,2018,Pacific cod,89
Eelgrass West,Cook ,9/25/2018,Sept,2018,Pacific cod,79
Eelgrass West,Cook ,9/25/2018,Sept,2018,Pacific cod,82
Eelgrass West,Cook ,9/25/2018,Sept,2018,Pacific cod,98
Eelgrass West,Cook ,9/25/2018,Sept,2018,Pacific cod,107
Eelgrass West,Cook ,9/25/2018,Sept,2018,Pacific cod,91
Eelgrass West,Cook ,9/25/2018,Sept,2018,Pacific cod,84
Eelgrass West,Cook ,9/25/2018,Sept,2018,Pacific cod,85
Eelgrass West,Cook ,9/25/2018,Sept,2018,Pacific cod,81
Eelgrass West,Cook ,9/25/2018,Sept,2018,Pacific cod,76
Eelgrass West,Cook ,9/25/2018,Sept,2018,Pacific cod,92
Eelgrass West,Cook ,9/25/2018,Sept,2018,Pacific cod,97
Eelgrass West,Cook ,9/25/2018,Sept,2018,Pacific cod,82
Eelgrass West,Cook ,9/25/2018,Sept,2018,Pacific cod,90
Eelgrass West,Cook ,9/25/2018,Sept,2018,Pacific cod,94
Eelgrass West,Cook ,9/25/2018,Sept,2018,Pacific cod,81
Eelgrass West,Cook ,9/25/2018,Sept,2018,Pacific cod,95
Eelgrass West,Cook ,9/25/2018,Sept,2018,Pacific cod,79
Eelgrass West,Cook ,9/25/2018,Sept,2018,Pacific cod,85
Eelgrass West,Cook ,9/25/2018,Sept,2018,Pacific cod,85
Eelgrass West,Cook ,9/25/2018,Sept,2018,Pacific cod,77
Eelgrass West,Cook ,9/25/2018,Sept,2018,Pacific cod,69
Eelgrass West,Cook ,9/25/2018,Sept,2018,Pacific cod,84
Eelgrass West,Cook ,9/25/2018,Sept,2018,Pacific cod,101
Eelgrass West,Cook ,9/25/2018,Sept,2018,Pacific cod,96
Eelgrass West,Cook ,9/25/2018,Sept,2018,Pacific cod,94
Eelgrass West,Cook ,9/25/2018,Sept,2018,Pacific cod,92
Eelgrass West,Cook ,9/25/2018,Sept,2018,Pacific cod,88
Eelgrass West,Cook ,9/25/2018,Sept,2018,Pacific cod,87
Eelgrass West,Cook ,9/25/2018,Sept,2018,Pacific cod,99
Eelgrass West,Cook ,9/25/2018,Sept,2018,Pacific cod,76
Eelgrass West,Cook ,9/25/2018,Sept,2018,Pacific cod,75
Eelgrass West,Cook ,9/25/2018,Sept,2018,Pacific cod,100
Eelgrass West,Cook ,9/25/2018,Sept,2018,Pacific cod,81
Laminaria East,Cook ,6/5/2019,June,2019,Pacific cod,162
Laminaria East,Cook ,6/5/2019,June,2019,Pacific cod,157
Laminaria East,Cook ,6/19/2019,June,2019,Pacific cod,211
Laminaria East,Cook ,5/18/2019,May,2019,Pacific cod,157
Laminaria North,Cook,8/22/2020,Aug,2020,Pacific cod,79
Laminaria North,Cook,8/22/2020,Aug,2020,Pacific cod,116
Laminaria North,Cook,8/22/2020,Aug,2020,Pacific cod,76
Laminaria North,Cook,8/22/2020,Aug,2020,Pacific cod,109
Laminaria North,Cook,8/22/2020,Aug,2020,Pacific cod,94
Laminaria North,Cook,8/22/2020,Aug,2020,Pacific cod,96
Laminaria North,Cook,8/22/2020,Aug,2020,Pacific cod,93
Laminaria North,Cook,8/22/2020,Aug,2020,Pacific cod,91
Laminaria North,Cook,8/22/2020,Aug,2020,Pacific cod,79
Laminaria North,Cook,8/22/2020,Aug,2020,Pacific cod,109
Laminaria North,Cook,8/22/2020,Aug,2020,Pacific cod,96
Laminaria North,Cook,8/22/2020,Aug,2020,Pacific cod,91
Laminaria North,Cook,8/22/2020,Aug,2020,Pacific cod,105
Laminaria North,Cook,8/22/2020,Aug,2020,Pacific cod,84
Laminaria North,Cook,8/22/2020,Aug,2020,Pacific cod,86
Laminaria North,Cook,8/22/2020,Aug,2020,Pacific cod,89
Laminaria North,Cook,8/22/2020,Aug,2020,Pacific cod,105
Laminaria North,Cook,8/22/2020,Aug,2020,Pacific cod,84
Laminaria North,Cook,8/22/2020,Aug,2020,Pacific cod,76
Laminaria North,Cook,8/22/2020,Aug,2020,Pacific cod,78
Laminaria North,Cook,8/22/2020,Aug,2020,Pacific cod,84
Laminaria North,Cook,8/22/2020,Aug,2020,Pacific cod,84
EG North,Cook ,8/22/2020,Aug,2020,Pacific cod,83
EG North,Cook ,8/22/2020,Aug,2020,Pacific cod,101
EG North,Cook ,8/22/2020,Aug,2020,Pacific cod,90
EG North,Cook ,8/22/2020,Aug,2020,Pacific cod,76
EG North,Cook ,8/22/2020,Aug,2020,Pacific cod,86
EG North,Cook ,8/22/2020,Aug,2020,Pacific cod,97
EG North,Cook ,8/22/2020,Aug,2020,Pacific cod,86
EG North,Cook ,8/22/2020,Aug,2020,Pacific cod,82
EG North,Cook ,8/22/2020,Aug,2020,Pacific cod,97
EG North,Cook ,8/22/2020,Aug,2020,Pacific cod,85
EG North,Cook ,8/22/2020,Aug,2020,Pacific cod,117
EG North,Cook ,8/22/2020,Aug,2020,Pacific cod,83
EG North,Cook ,8/22/2020,Aug,2020,Pacific cod,92
EG North,Cook ,8/22/2020,Aug,2020,Pacific cod,91
EG North,Cook ,8/22/2020,Aug,2020,Pacific cod,95
EG North,Cook ,8/22/2020,Aug,2020,Pacific cod,110
EG North,Cook ,8/22/2020,Aug,2020,Pacific cod,86
EG North,Cook ,8/22/2020,Aug,2020,Pacific cod,87
EG North,Cook ,8/22/2020,Aug,2020,Pacific cod,104
EG North,Cook ,8/22/2020,Aug,2020,Pacific cod,76
EG North,Cook ,8/22/2020,Aug,2020,Pacific cod,94
EG North,Cook ,8/22/2020,Aug,2020,Pacific cod,103
EG North,Cook ,8/22/2020,Aug,2020,Pacific cod,90
EG North,Cook ,8/22/2020,Aug,2020,Pacific cod,100
EG North,Cook ,8/22/2020,Aug,2020,Pacific cod,87
EG North,Cook ,8/22/2020,Aug,2020,Pacific cod,90
EG North,Cook ,8/22/2020,Aug,2020,Pacific cod,93
EG North,Cook ,8/22/2020,Aug,2020,Pacific cod,85
EG West,Cook ,8/22/2020,Aug,2020,Pacific cod,102
EG West,Cook ,8/22/2020,Aug,2020,Pacific cod,79
EG West,Cook ,8/22/2020,Aug,2020,Pacific cod,102
EG West,Cook ,8/22/2020,Aug,2020,Pacific cod,80
EG West,Cook ,8/22/2020,Aug,2020,Pacific cod,74
EG West,Cook ,8/22/2020,Aug,2020,Pacific cod,94
EG West,Cook ,8/22/2020,Aug,2020,Pacific cod,65
EG West,Cook ,8/22/2020,Aug,2020,Pacific cod,93
EG West,Cook ,8/22/2020,Aug,2020,Pacific cod,101
EG West,Cook ,8/22/2020,Aug,2020,Pacific cod,86
EG West,Cook ,8/22/2020,Aug,2020,Pacific cod,82
EG West,Cook ,8/22/2020,Aug,2020,Pacific cod,95
EG West,Cook ,8/22/2020,Aug,2020,Pacific cod,85
EG West,Cook ,8/22/2020,Aug,2020,Pacific cod,87
EG West,Cook ,8/22/2020,Aug,2020,Pacific cod,107
EG West,Cook ,8/22/2020,Aug,2020,Pacific cod,76
EG West,Cook ,8/22/2020,Aug,2020,Pacific cod,89
EG West,Cook ,8/22/2020,Aug,2020,Pacific cod,101
EG West,Cook ,8/22/2020,Aug,2020,Pacific cod,92
EG West,Cook ,8/22/2020,Aug,2020,Pacific cod,85
EG West,Cook ,8/22/2020,Aug,2020,Pacific cod,97
EG West,Cook ,8/22/2020,Aug,2020,Pacific cod,85
EG West,Cook ,8/22/2020,Aug,2020,Pacific cod,84
EG West,Cook ,8/22/2020,Aug,2020,Pacific cod,76
Laminaria East,Cook ,8/22/2020,Aug,2020,Pacific cod,83
Laminaria East,Cook ,8/22/2020,Aug,2020,Pacific cod,86
Laminaria East,Cook ,8/22/2020,Aug,2020,Pacific cod,74
Laminaria East,Cook ,8/22/2020,Aug,2020,Pacific cod,96
Laminaria East,Cook ,8/22/2020,Aug,2020,Pacific cod,75
Laminaria East,Cook ,8/22/2020,Aug,2020,Pacific cod,67
Laminaria East,Cook ,8/22/2020,Aug,2020,Pacific cod,84
Laminaria East,Cook ,8/22/2020,Aug,2020,Pacific cod,84
Laminaria East,Cook ,8/22/2020,Aug,2020,Pacific cod,76
Laminaria East,Cook ,8/22/2020,Aug,2020,Pacific cod,94
Laminaria East,Cook ,8/22/2020,Aug,2020,Pacific cod,70
Laminaria East,Cook ,8/22/2020,Aug,2020,Pacific cod,86
Laminaria East,Cook ,8/22/2020,Aug,2020,Pacific cod,70
Laminaria East,Cook ,8/22/2020,Aug,2020,Pacific cod,75
Laminaria East,Cook ,8/22/2020,Aug,2020,Pacific cod,77
Laminaria East,Cook ,8/22/2020,Aug,2020,Pacific cod,87
Laminaria East,Cook ,8/22/2020,Aug,2020,Pacific cod,76
Laminaria East,Cook ,8/22/2020,Aug,2020,Pacific cod,75
Laminaria East,Cook ,8/22/2020,Aug,2020,Pacific cod,75
Laminaria East,Cook ,8/22/2020,Aug,2020,Pacific cod,82
Laminaria East,Cook ,8/22/2020,Aug,2020,Pacific cod,64
Laminaria East,Cook ,8/22/2020,Aug,2020,Pacific cod,81
Laminaria East,Cook ,8/22/2020,Aug,2020,Pacific cod,73
EG South,Cook ,8/22/2020,Aug,2020,Pacific cod,77
EG South,Cook ,8/22/2020,Aug,2020,Pacific cod,95
EG South,Cook ,8/22/2020,Aug,2020,Pacific cod,81
EG South,Cook ,8/22/2020,Aug,2020,Pacific cod,112
EG South,Cook ,8/22/2020,Aug,2020,Pacific cod,83
EG South,Cook ,8/22/2020,Aug,2020,Pacific cod,89
EG South,Cook ,8/22/2020,Aug,2020,Pacific cod,99
EG South,Cook ,8/22/2020,Aug,2020,Pacific cod,68
EG South,Cook ,8/22/2020,Aug,2020,Pacific cod,85
EG South,Cook ,8/22/2020,Aug,2020,Pacific cod,76
EG South,Cook ,8/22/2020,Aug,2020,Pacific cod,84
EG South,Cook ,8/22/2020,Aug,2020,Pacific cod,103
EG South,Cook ,8/22/2020,Aug,2020,Pacific cod,83
EG South,Cook ,8/22/2020,Aug,2020,Pacific cod,96
EG South,Cook ,8/22/2020,Aug,2020,Pacific cod,81
EG South,Cook ,8/22/2020,Aug,2020,Pacific cod,70
EG South,Cook ,8/22/2020,Aug,2020,Pacific cod,79
EG South,Cook ,8/22/2020,Aug,2020,Pacific cod,101
EG South,Cook ,8/22/2020,Aug,2020,Pacific cod,92
EG South,Cook ,8/22/2020,Aug,2020,Pacific cod,93
EG South,Cook ,8/22/2020,Aug,2020,Pacific cod,71
EG South,Cook ,8/22/2020,Aug,2020,Pacific cod,77
EG South,Cook ,8/22/2020,Aug,2020,Pacific cod,82
EG South,Cook ,8/22/2020,Aug,2020,Pacific cod,89
EG South,Cook ,8/22/2020,Aug,2020,Pacific cod,96
EG South,Cook ,8/22/2020,Aug,2020,Pacific cod,94
EG South,Cook ,8/22/2020,Aug,2020,Pacific cod,89
EG South,Cook ,8/22/2020,Aug,2020,Pacific cod,76
EG South,Cook ,8/22/2020,Aug,2020,Pacific cod,85
EG South,Cook ,8/22/2020,Aug,2020,Pacific cod,108
Laminaria South,Cook ,8/22/2020,Aug,2020,Pacific cod,72
Laminaria South,Cook ,8/22/2020,Aug,2020,Pacific cod,74
Laminaria South,Cook ,8/22/2020,Aug,2020,Pacific cod,73
Laminaria South,Cook ,8/22/2020,Aug,2020,Pacific cod,86
Laminaria South,Cook ,8/22/2020,Aug,2020,Pacific cod,83
Laminaria South,Cook ,8/22/2020,Aug,2020,Pacific cod,75
Laminaria South,Cook ,8/22/2020,Aug,2020,Pacific cod,81
Laminaria South,Cook ,8/22/2020,Aug,2020,Pacific cod,85
Laminaria South,Cook ,8/22/2020,Aug,2020,Pacific cod,82
Laminaria South,Cook ,8/22/2020,Aug,2020,Pacific cod,68
Laminaria South,Cook ,8/22/2020,Aug,2020,Pacific cod,68
Laminaria South,Cook ,8/22/2020,Aug,2020,Pacific cod,79
Laminaria South,Cook ,8/22/2020,Aug,2020,Pacific cod,76
Middle Cove,Cook ,8/22/2020,Aug,2020,Pacific cod,96
Middle Cove,Cook ,8/22/2020,Aug,2020,Pacific cod,108
Middle Cove,Cook ,8/22/2020,Aug,2020,Pacific cod,78
Middle Cove,Cook ,8/22/2020,Aug,2020,Pacific cod,109
Middle Cove,Cook ,8/22/2020,Aug,2020,Pacific cod,83
Middle Cove,Cook ,8/22/2020,Aug,2020,Pacific cod,101
Middle Cove,Cook ,8/22/2020,Aug,2020,Pacific cod,108
Middle Cove,Cook ,8/22/2020,Aug,2020,Pacific cod,98
Middle Cove,Cook ,8/22/2020,Aug,2020,Pacific cod,94
Middle Cove,Cook ,8/22/2020,Aug,2020,Pacific cod,76
Middle Cove,Cook ,8/22/2020,Aug,2020,Pacific cod,99
Middle Cove,Cook ,8/22/2020,Aug,2020,Pacific cod,87
Middle Cove,Cook ,8/22/2020,Aug,2020,Pacific cod,82
Middle Cove,Cook ,8/22/2020,Aug,2020,Pacific cod,69
Middle Cove,Cook ,8/22/2020,Aug,2020,Pacific cod,89
Bare North,Cook ,8/22/2020,Aug,2020,Pacific cod,101
Bare North,Cook ,8/22/2020,Aug,2020,Pacific cod,97
Bare North,Cook ,8/22/2020,Aug,2020,Pacific cod,94
Bare North,Cook ,8/22/2020,Aug,2020,Pacific cod,110
Bare North,Cook ,8/22/2020,Aug,2020,Pacific cod,87
Bare North,Cook ,8/22/2020,Aug,2020,Pacific cod,87
Bare North,Cook ,8/22/2020,Aug,2020,Pacific cod,101
Bare North,Cook ,8/22/2020,Aug,2020,Pacific cod,90
Bare North,Cook ,8/22/2020,Aug,2020,Pacific cod,83
Bare North,Cook ,8/22/2020,Aug,2020,Pacific cod,90
Bare North,Cook ,8/22/2020,Aug,2020,Pacific cod,96
Bare North,Cook ,8/22/2020,Aug,2020,Pacific cod,87
Bare North,Cook ,8/22/2020,Aug,2020,Pacific cod,95
Bare North,Cook ,8/22/2020,Aug,2020,Pacific cod,96
Bare North,Cook ,8/22/2020,Aug,2020,Pacific cod,77
Bare North,Cook ,8/22/2020,Aug,2020,Pacific cod,89
Bare North,Cook ,8/22/2020,Aug,2020,Pacific cod,89
Bare North,Cook ,8/22/2020,Aug,2020,Pacific cod,94
Bare North,Cook ,8/22/2020,Aug,2020,Pacific cod,87
Bare North,Cook ,8/22/2020,Aug,2020,Pacific cod,101
Laminaria North,Cook ,7/3/2020,July,2020,Pacific cod,67
Laminaria North,Cook ,7/3/2020,July,2020,Pacific cod,56
Laminaria North,Cook ,7/3/2020,July,2020,Pacific cod,55
Laminaria North,Cook ,7/3/2020,July,2020,Pacific cod,52
Laminaria North,Cook ,7/3/2020,July,2020,Pacific cod,63
Laminaria North,Cook ,7/3/2020,July,2020,Pacific cod,61
Laminaria North,Cook ,7/3/2020,July,2020,Pacific cod,52
Laminaria North,Cook ,7/3/2020,July,2020,Pacific cod,52
Laminaria North,Cook ,7/3/2020,July,2020,Pacific cod,59
Laminaria North,Cook ,7/3/2020,July,2020,Pacific cod,61
Laminaria North,Cook ,7/3/2020,July,2020,Pacific cod,56
Laminaria North,Cook ,7/3/2020,July,2020,Pacific cod,54
Laminaria North,Cook ,7/3/2020,July,2020,Pacific cod,51
Laminaria North,Cook ,7/3/2020,July,2020,Pacific cod,61
Laminaria North,Cook ,7/3/2020,July,2020,Pacific cod,53
Laminaria North,Cook ,7/3/2020,July,2020,Pacific cod,56
Eelgrass West,Cook ,7/3/2020,July,2020,Pacific cod,56
Eelgrass West,Cook ,7/3/2020,July,2020,Pacific cod,47
Eelgrass West,Cook ,7/3/2020,July,2020,Pacific cod,59
Eelgrass West,Cook ,7/3/2020,July,2020,Pacific cod,53
Eelgrass West,Cook ,7/3/2020,July,2020,Pacific cod,56
Eelgrass West,Cook ,7/3/2020,July,2020,Pacific cod,59
Eelgrass West,Cook ,7/3/2020,July,2020,Pacific cod,69
Eelgrass West,Cook ,7/3/2020,July,2020,Pacific cod,60
Eelgrass West,Cook ,7/3/2020,July,2020,Pacific cod,51
Eelgrass West,Cook ,7/3/2020,July,2020,Pacific cod,54
Eelgrass West,Cook ,7/3/2020,July,2020,Pacific cod,52
Eelgrass West,Cook ,7/3/2020,July,2020,Pacific cod,55
Eelgrass West,Cook ,7/3/2020,July,2020,Pacific cod,59
Eelgrass West,Cook ,7/3/2020,July,2020,Pacific cod,54
Eelgrass West,Cook ,7/3/2020,July,2020,Pacific cod,64
Eelgrass West,Cook ,7/3/2020,July,2020,Pacific cod,64
Eelgrass West,Cook ,7/3/2020,July,2020,Pacific cod,70
Eelgrass West,Cook ,7/3/2020,July,2020,Pacific cod,56
Eelgrass West,Cook ,7/3/2020,July,2020,Pacific cod,62
Eelgrass West,Cook ,7/3/2020,July,2020,Pacific cod,72
Eelgrass West,Cook ,7/3/2020,July,2020,Pacific cod,56
Eelgrass West,Cook ,7/3/2020,July,2020,Pacific cod,63
Eelgrass West,Cook ,7/3/2020,July,2020,Pacific cod,57
Eelgrass West,Cook ,7/3/2020,July,2020,Pacific cod,70
Eelgrass West,Cook ,7/3/2020,July,2020,Pacific cod,62
Eelgrass West,Cook ,7/3/2020,July,2020,Pacific cod,63
Eelgrass West,Cook ,7/3/2020,July,2020,Pacific cod,56
Eelgrass West,Cook ,7/3/2020,July,2020,Pacific cod,49
Eelgrass West,Cook ,7/3/2020,July,2020,Pacific cod,53
Eelgrass West,Cook ,7/3/2020,July,2020,Pacific cod,51
Eelgrass West,Cook ,7/3/2020,July,2020,Pacific cod,57
Eelgrass West,Cook ,7/3/2020,July,2020,Pacific cod,51
Eelgrass West,Cook ,7/3/2020,July,2020,Pacific cod,61
Eelgrass West,Cook ,7/3/2020,July,2020,Pacific cod,62
Eelgrass West,Cook ,7/3/2020,July,2020,Pacific cod,63
Eelgrass West,Cook ,7/3/2020,July,2020,Pacific cod,50
Eelgrass West,Cook ,7/3/2020,July,2020,Pacific cod,64
Eelgrass West,Cook ,7/3/2020,July,2020,Pacific cod,58
Eelgrass West,Cook ,7/3/2020,July,2020,Pacific cod,66
Eelgrass West,Cook ,7/3/2020,July,2020,Pacific cod,60
Eelgrass West,Cook ,7/3/2020,July,2020,Pacific cod,66
Eelgrass West,Cook ,7/3/2020,July,2020,Pacific cod,65
Eelgrass West,Cook ,7/3/2020,July,2020,Pacific cod,62
Eelgrass West,Cook ,7/3/2020,July,2020,Pacific cod,60
Eelgrass West,Cook ,7/3/2020,July,2020,Pacific cod,53
Eelgrass West,Cook ,7/3/2020,July,2020,Pacific cod,55
Eelgrass West,Cook ,7/3/2020,July,2020,Pacific cod,49
Eelgrass West,Cook ,7/3/2020,July,2020,Pacific cod,56
Eelgrass West,Cook ,7/3/2020,July,2020,Pacific cod,61
Eelgrass West,Cook ,7/3/2020,July,2020,Pacific cod,51
Eelgrass West,Cook ,7/3/2020,July,2020,Pacific cod,55
Eelgrass West,Cook ,7/3/2020,July,2020,Pacific cod,60
Eelgrass West,Cook ,7/3/2020,July,2020,Pacific cod,68
Eelgrass West,Cook ,7/3/2020,July,2020,Pacific cod,47
Eelgrass West,Cook ,7/3/2020,July,2020,Pacific cod,56
Eelgrass West,Cook ,7/3/2020,July,2020,Pacific cod,48
Eelgrass West,Cook ,7/3/2020,July,2020,Pacific cod,53
Eelgrass West,Cook ,7/3/2020,July,2020,Pacific cod,61
Eelgrass West,Cook ,7/3/2020,July,2020,Pacific cod,49
Eelgrass West,Cook ,7/3/2020,July,2020,Pacific cod,53
Eelgrass West,Cook ,7/3/2020,July,2020,Pacific cod,65
Eelgrass West,Cook ,7/3/2020,July,2020,Pacific cod,53
Eelgrass West,Cook ,7/3/2020,July,2020,Pacific cod,49
Eelgrass West,Cook ,7/3/2020,July,2020,Pacific cod,58
Laminaria East,Cook ,7/3/2020,July,2020,Pacific cod,60
Laminaria East,Cook ,7/3/2020,July,2020,Pacific cod,52
Laminaria East,Cook ,7/3/2020,July,2020,Pacific cod,57
Laminaria East,Cook ,7/3/2020,July,2020,Pacific cod,62
Laminaria East,Cook ,7/3/2020,July,2020,Pacific cod,56
Laminaria East,Cook ,7/3/2020,July,2020,Pacific cod,55
Laminaria East,Cook ,7/3/2020,July,2020,Pacific cod,68
Laminaria East,Cook ,7/3/2020,July,2020,Pacific cod,56
Laminaria East,Cook ,7/3/2020,July,2020,Pacific cod,53
Laminaria East,Cook ,7/3/2020,July,2020,Pacific cod,59
Laminaria East,Cook ,7/3/2020,July,2020,Pacific cod,64
Laminaria East,Cook ,7/3/2020,July,2020,Pacific cod,52
Laminaria East,Cook ,7/3/2020,July,2020,Pacific cod,57
Laminaria East,Cook ,7/3/2020,July,2020,Pacific cod,55
Laminaria East,Cook ,7/3/2020,July,2020,Pacific cod,54
Laminaria East,Cook ,7/3/2020,July,2020,Pacific cod,48
Laminaria East,Cook ,7/3/2020,July,2020,Pacific cod,61
Laminaria East,Cook ,7/3/2020,July,2020,Pacific cod,62
Laminaria East,Cook ,7/3/2020,July,2020,Pacific cod,57
Laminaria East,Cook ,7/3/2020,July,2020,Pacific cod,53
Laminaria East,Cook ,7/3/2020,July,2020,Pacific cod,45
Laminaria East,Cook ,7/3/2020,July,2020,Pacific cod,54
Laminaria East,Cook ,7/3/2020,July,2020,Pacific cod,63
Laminaria East,Cook ,7/3/2020,July,2020,Pacific cod,58
Laminaria East,Cook ,7/3/2020,July,2020,Pacific cod,61
Laminaria East,Cook ,7/3/2020,July,2020,Pacific cod,58
Laminaria East,Cook ,7/3/2020,July,2020,Pacific cod,57
Laminaria East,Cook ,7/3/2020,July,2020,Pacific cod,62
Laminaria East,Cook ,7/3/2020,July,2020,Pacific cod,58
Laminaria East,Cook ,7/3/2020,July,2020,Pacific cod,61
Laminaria East,Cook ,7/3/2020,July,2020,Pacific cod,63
Laminaria East,Cook ,7/3/2020,July,2020,Pacific cod,55
Laminaria East,Cook ,7/3/2020,July,2020,Pacific cod,58
Laminaria East,Cook ,7/3/2020,July,2020,Pacific cod,60
Laminaria East,Cook ,7/3/2020,July,2020,Pacific cod,50
Eelgrass South,Cook ,7/3/2020,July,2020,Pacific cod,68
Eelgrass South,Cook ,7/3/2020,July,2020,Pacific cod,60
Eelgrass South,Cook ,7/3/2020,July,2020,Pacific cod,58
Eelgrass South,Cook ,7/3/2020,July,2020,Pacific cod,62
Eelgrass South,Cook ,7/3/2020,July,2020,Pacific cod,61
Eelgrass South,Cook ,7/3/2020,July,2020,Pacific cod,60
Eelgrass South,Cook ,7/3/2020,July,2020,Pacific cod,56
Eelgrass South,Cook ,7/3/2020,July,2020,Pacific cod,64
Eelgrass South,Cook ,7/3/2020,July,2020,Pacific cod,63
Eelgrass South,Cook ,7/3/2020,July,2020,Pacific cod,63
Eelgrass South,Cook ,7/3/2020,July,2020,Pacific cod,61
Eelgrass South,Cook ,7/3/2020,July,2020,Pacific cod,66
Eelgrass South,Cook ,7/3/2020,July,2020,Pacific cod,59
Eelgrass South,Cook ,7/3/2020,July,2020,Pacific cod,52
Eelgrass South,Cook ,7/3/2020,July,2020,Pacific cod,60
Eelgrass South,Cook ,7/3/2020,July,2020,Pacific cod,61
Eelgrass South,Cook ,7/3/2020,July,2020,Pacific cod,53
Eelgrass South,Cook ,7/3/2020,July,2020,Pacific cod,61
Eelgrass South,Cook ,7/3/2020,July,2020,Pacific cod,58
Eelgrass South,Cook ,7/3/2020,July,2020,Pacific cod,57
Eelgrass South,Cook ,7/3/2020,July,2020,Pacific cod,54
Eelgrass South,Cook ,7/3/2020,July,2020,Pacific cod,63
Eelgrass South,Cook ,7/3/2020,July,2020,Pacific cod,59
Eelgrass South,Cook ,7/3/2020,July,2020,Pacific cod,58
Eelgrass South,Cook ,7/3/2020,July,2020,Pacific cod,62
Eelgrass South,Cook ,7/3/2020,July,2020,Pacific cod,65
Eelgrass South,Cook ,7/3/2020,July,2020,Pacific cod,61
Eelgrass South,Cook ,7/3/2020,July,2020,Pacific cod,48
Eelgrass South,Cook ,7/3/2020,July,2020,Pacific cod,59
Eelgrass South,Cook ,7/3/2020,July,2020,Pacific cod,45
Eelgrass South,Cook ,7/3/2020,July,2020,Pacific cod,64
Eelgrass South,Cook ,7/3/2020,July,2020,Pacific cod,64
Eelgrass South,Cook ,7/3/2020,July,2020,Pacific cod,56
Eelgrass South,Cook ,7/3/2020,July,2020,Pacific cod,49
Eelgrass South,Cook ,7/3/2020,July,2020,Pacific cod,59
Eelgrass South,Cook ,7/3/2020,July,2020,Pacific cod,60
Eelgrass South,Cook ,7/3/2020,July,2020,Pacific cod,47
Eelgrass South,Cook ,7/3/2020,July,2020,Pacific cod,64
Eelgrass South,Cook ,7/3/2020,July,2020,Pacific cod,51
Eelgrass South,Cook ,7/3/2020,July,2020,Pacific cod,62
Eelgrass South,Cook ,7/3/2020,July,2020,Pacific cod,59
Eelgrass South,Cook ,7/3/2020,July,2020,Pacific cod,59
Eelgrass South,Cook ,7/3/2020,July,2020,Pacific cod,64
Eelgrass South,Cook ,7/3/2020,July,2020,Pacific cod,61
Eelgrass South,Cook ,7/3/2020,July,2020,Pacific cod,60
Eelgrass South,Cook ,7/3/2020,July,2020,Pacific cod,48
Eelgrass South,Cook ,7/3/2020,July,2020,Pacific cod,59
Eelgrass South,Cook ,7/3/2020,July,2020,Pacific cod,64
Eelgrass South,Cook ,7/3/2020,July,2020,Pacific cod,63
Eelgrass South,Cook ,7/3/2020,July,2020,Pacific cod,64
Eelgrass South,Cook ,7/3/2020,July,2020,Pacific cod,62
Eelgrass South,Cook ,7/3/2020,July,2020,Pacific cod,61
Eelgrass South,Cook ,7/3/2020,July,2020,Pacific cod,58
Eelgrass South,Cook ,7/3/2020,July,2020,Pacific cod,56
Eelgrass South,Cook ,7/3/2020,July,2020,Pacific cod,58
Eelgrass South,Cook ,7/3/2020,July,2020,Pacific cod,54
Eelgrass South,Cook ,7/3/2020,July,2020,Pacific cod,56
Eelgrass South,Cook ,7/3/2020,July,2020,Pacific cod,58
Eelgrass South,Cook ,7/3/2020,July,2020,Pacific cod,58
Eelgrass South,Cook ,7/3/2020,July,2020,Pacific cod,54
Eelgrass South,Cook ,7/3/2020,July,2020,Pacific cod,58
Eelgrass South,Cook ,7/3/2020,July,2020,Pacific cod,54
Eelgrass South,Cook ,7/3/2020,July,2020,Pacific cod,64
Eelgrass South,Cook ,7/3/2020,July,2020,Pacific cod,55
Eelgrass South,Cook ,7/3/2020,July,2020,Pacific cod,59
Eelgrass South,Cook ,7/3/2020,July,2020,Pacific cod,56
Eelgrass South,Cook ,7/3/2020,July,2020,Pacific cod,44
Eelgrass South,Cook ,7/3/2020,July,2020,Pacific cod,60
Eelgrass West,Cook ,6/6/2020,June,2020,Pacific cod,32
Eelgrass West,Cook ,6/6/2020,June,2020,Pacific cod,25
Eelgrass West,Cook ,6/6/2020,June,2020,Pacific cod,32
Eelgrass West,Cook ,6/6/2020,June,2020,Pacific cod,27
Eelgrass West,Cook ,6/6/2020,June,2020,Pacific cod,28
Eelgrass West,Cook ,6/6/2020,June,2020,Pacific cod,34
Eelgrass West,Cook ,6/6/2020,June,2020,Pacific cod,31
Eelgrass West,Cook ,6/6/2020,June,2020,Pacific cod,32
Eelgrass West,Cook ,6/6/2020,June,2020,Pacific cod,34
Eelgrass West,Cook ,6/6/2020,June,2020,Pacific cod,22
Eelgrass West,Cook ,6/6/2020,June,2020,Pacific cod,35
Eelgrass West,Cook ,6/6/2020,June,2020,Pacific cod,31
Eelgrass West,Cook ,6/6/2020,June,2020,Pacific cod,26
Eelgrass West,Cook ,6/6/2020,June,2020,Pacific cod,33
Eelgrass West,Cook ,6/6/2020,June,2020,Pacific cod,31
Eelgrass West,Cook ,6/6/2020,June,2020,Pacific cod,32
Eelgrass West,Cook ,6/6/2020,June,2020,Pacific cod,29
Eelgrass West,Cook ,6/6/2020,June,2020,Pacific cod,25
Eelgrass West,Cook ,6/6/2020,June,2020,Pacific cod,29
Eelgrass West,Cook ,6/6/2020,June,2020,Pacific cod,31
Eelgrass West,Cook ,6/6/2020,June,2020,Pacific cod,25
Eelgrass West,Cook ,6/6/2020,June,2020,Pacific cod,32
Eelgrass West,Cook ,6/6/2020,June,2020,Pacific cod,32
Eelgrass West,Cook ,6/6/2020,June,2020,Pacific cod,31
Eelgrass West,Cook ,6/6/2020,June,2020,Pacific cod,32
Eelgrass West,Cook ,6/6/2020,June,2020,Pacific cod,35
Eelgrass West,Cook ,6/6/2020,June,2020,Pacific cod,33
Eelgrass West,Cook ,6/6/2020,June,2020,Pacific cod,31
Eelgrass West,Cook ,6/6/2020,June,2020,Pacific cod,30
Eelgrass West,Cook ,6/6/2020,June,2020,Pacific cod,26
Eelgrass West,Cook ,6/6/2020,June,2020,Pacific cod,27
Eelgrass West,Cook ,6/6/2020,June,2020,Pacific cod,29
Eelgrass West,Cook ,6/6/2020,June,2020,Pacific cod,35
Eelgrass West,Cook ,6/6/2020,June,2020,Pacific cod,37
Eelgrass West,Cook ,6/6/2020,June,2020,Pacific cod,35
Eelgrass West,Cook ,6/6/2020,June,2020,Pacific cod,25
Eelgrass West,Cook ,6/6/2020,June,2020,Pacific cod,22
Eelgrass West,Cook ,6/6/2020,June,2020,Pacific cod,31
Eelgrass West,Cook ,6/6/2020,June,2020,Pacific cod,34
Eelgrass West,Cook ,6/6/2020,June,2020,Pacific cod,24
Eelgrass West,Cook ,6/6/2020,June,2020,Pacific cod,37
Eelgrass West,Cook ,6/6/2020,June,2020,Pacific cod,26
Eelgrass South,Cook ,6/6/2020,June,2020,Pacific cod,27
Eelgrass South,Cook ,6/6/2020,June,2020,Pacific cod,34
Eelgrass South,Cook ,6/6/2020,June,2020,Pacific cod,27
Eelgrass South,Cook ,6/6/2020,June,2020,Pacific cod,23
Eelgrass South,Cook ,6/6/2020,June,2020,Pacific cod,26
Eelgrass South,Cook ,6/6/2020,June,2020,Pacific cod,25
Eelgrass South,Cook ,6/6/2020,June,2020,Pacific cod,27
Eelgrass South,Cook ,6/6/2020,June,2020,Pacific cod,25
Eelgrass South,Cook ,6/6/2020,June,2020,Pacific cod,34
Eelgrass South,Cook ,6/6/2020,June,2020,Pacific cod,27
Eelgrass South,Cook ,6/6/2020,June,2020,Pacific cod,33
Eelgrass South,Cook ,6/6/2020,June,2020,Pacific cod,24
Eelgrass South,Cook ,6/6/2020,June,2020,Pacific cod,31
Eelgrass South,Cook ,6/6/2020,June,2020,Pacific cod,33
Eelgrass South,Cook ,6/6/2020,June,2020,Pacific cod,32
Eelgrass South,Cook ,6/6/2020,June,2020,Pacific cod,30
Eelgrass South,Cook ,6/6/2020,June,2020,Pacific cod,32
Eelgrass South,Cook ,6/6/2020,June,2020,Pacific cod,33
Eelgrass South,Cook ,6/6/2020,June,2020,Pacific cod,26
Eelgrass South,Cook ,6/6/2020,June,2020,Pacific cod,22
Eelgrass South,Cook ,6/6/2020,June,2020,Pacific cod,27
Eelgrass South,Cook ,6/6/2020,June,2020,Pacific cod,36
Eelgrass South,Cook ,6/6/2020,June,2020,Pacific cod,34
Eelgrass South,Cook ,6/6/2020,June,2020,Pacific cod,26
Eelgrass South,Cook ,6/6/2020,June,2020,Pacific cod,29
Eelgrass South,Cook ,6/6/2020,June,2020,Pacific cod,37
Eelgrass South,Cook ,6/6/2020,June,2020,Pacific cod,27
Eelgrass South,Cook ,6/6/2020,June,2020,Pacific cod,26
Eelgrass South,Cook ,6/6/2020,June,2020,Pacific cod,34
Eelgrass South,Cook ,6/6/2020,June,2020,Pacific cod,31
Eelgrass South,Cook ,6/6/2020,June,2020,Pacific cod,31
Eelgrass South,Cook ,6/6/2020,June,2020,Pacific cod,31
Eelgrass South,Cook ,6/6/2020,June,2020,Pacific cod,22
Eelgrass South,Cook ,6/6/2020,June,2020,Pacific cod,29
Eelgrass South,Cook ,6/6/2020,June,2020,Pacific cod,31
Eelgrass South,Cook ,6/6/2020,June,2020,Pacific cod,28
Eelgrass South,Cook ,6/6/2020,June,2020,Pacific cod,29
Eelgrass South,Cook ,6/6/2020,June,2020,Pacific cod,29
Eelgrass South,Cook ,6/6/2020,June,2020,Pacific cod,26
Eelgrass South,Cook ,6/6/2020,June,2020,Pacific cod,27
Eelgrass South,Cook ,6/6/2020,June,2020,Pacific cod,34
Eelgrass South,Cook ,6/6/2020,June,2020,Pacific cod,36
Eelgrass South,Cook ,6/6/2020,June,2020,Pacific cod,28
Eelgrass South,Cook ,11/13/2020,Nov,2020,Pacific cod,95
Eelgrass South,Cook ,11/13/2020,Nov,2020,Pacific cod,109
Eelgrass West,Cook ,11/13/2020,Nov,2020,Pacific cod,114
Eelgrass West,Cook ,11/13/2020,Nov,2020,Pacific cod,92
Eelgrass West,Cook ,11/13/2020,Nov,2020,Pacific cod,114
Eelgrass West,Cook ,11/13/2020,Nov,2020,Pacific cod,99
Laminaria North,Cook ,10/16/2020,Oct,2020,Pacific cod,139
Laminaria North,Cook ,10/16/2020,Oct,2020,Pacific cod,101
Laminaria North,Cook ,10/16/2020,Oct,2020,Pacific cod,126
Laminaria North,Cook ,10/16/2020,Oct,2020,Pacific cod,125
Laminaria North,Cook ,10/16/2020,Oct,2020,Pacific cod,137
Laminaria North,Cook ,10/16/2020,Oct,2020,Pacific cod,101
Laminaria North,Cook ,10/16/2020,Oct,2020,Pacific cod,109
Laminaria North,Cook ,10/16/2020,Oct,2020,Pacific cod,123
Laminaria North,Cook ,10/16/2020,Oct,2020,Pacific cod,153
Laminaria North,Cook ,10/16/2020,Oct,2020,Pacific cod,133
Laminaria North,Cook ,10/16/2020,Oct,2020,Pacific cod,155
Laminaria North,Cook ,10/16/2020,Oct,2020,Pacific cod,92
Laminaria North,Cook ,10/16/2020,Oct,2020,Pacific cod,141
Laminaria North,Cook ,10/16/2020,Oct,2020,Pacific cod,107
Laminaria North,Cook ,10/16/2020,Oct,2020,Pacific cod,93
Laminaria North,Cook ,10/16/2020,Oct,2020,Pacific cod,95
Eelgrass West,Cook ,10/16/2020,Oct,2020,Pacific cod,103
Eelgrass West,Cook ,10/16/2020,Oct,2020,Pacific cod,74
Eelgrass West,Cook ,10/16/2020,Oct,2020,Pacific cod,96
Eelgrass West,Cook ,10/16/2020,Oct,2020,Pacific cod,89
Eelgrass West,Cook ,10/16/2020,Oct,2020,Pacific cod,92
Eelgrass West,Cook ,10/16/2020,Oct,2020,Pacific cod,100
Eelgrass West,Cook ,10/16/2020,Oct,2020,Pacific cod,131
Eelgrass West,Cook ,10/16/2020,Oct,2020,Pacific cod,100
Eelgrass West,Cook ,10/16/2020,Oct,2020,Pacific cod,147
Eelgrass West,Cook ,10/16/2020,Oct,2020,Pacific cod,113
Eelgrass West,Cook ,10/16/2020,Oct,2020,Pacific cod,108
Eelgrass West,Cook ,10/16/2020,Oct,2020,Pacific cod,85
Eelgrass West,Cook ,10/16/2020,Oct,2020,Pacific cod,89
Eelgrass West,Cook ,10/16/2020,Oct,2020,Pacific cod,90
Eelgrass West,Cook ,10/16/2020,Oct,2020,Pacific cod,115
Eelgrass West,Cook ,10/16/2020,Oct,2020,Pacific cod,106
Eelgrass West,Cook ,10/16/2020,Oct,2020,Pacific cod,88
Eelgrass West,Cook ,10/16/2020,Oct,2020,Pacific cod,88
Eelgrass West,Cook ,10/16/2020,Oct,2020,Pacific cod,91
Eelgrass West,Cook ,10/16/2020,Oct,2020,Pacific cod,104
Eelgrass West,Cook ,10/16/2020,Oct,2020,Pacific cod,97
Eelgrass West,Cook ,10/16/2020,Oct,2020,Pacific cod,94
Eelgrass West,Cook ,10/16/2020,Oct,2020,Pacific cod,109
Eelgrass West,Cook ,10/16/2020,Oct,2020,Pacific cod,130
Eelgrass West,Cook ,10/16/2020,Oct,2020,Pacific cod,105
Eelgrass West,Cook ,10/16/2020,Oct,2020,Pacific cod,94
Eelgrass West,Cook ,10/16/2020,Oct,2020,Pacific cod,106
Eelgrass West,Cook ,10/16/2020,Oct,2020,Pacific cod,89
Eelgrass West,Cook ,10/16/2020,Oct,2020,Pacific cod,134
Eelgrass West,Cook ,10/16/2020,Oct,2020,Pacific cod,93
Eelgrass West,Cook ,10/16/2020,Oct,2020,Pacific cod,85
Eelgrass West,Cook ,10/16/2020,Oct,2020,Pacific cod,87
Eelgrass West,Cook ,10/16/2020,Oct,2020,Pacific cod,96
Eelgrass West,Cook ,10/16/2020,Oct,2020,Pacific cod,105
Eelgrass West,Cook ,10/16/2020,Oct,2020,Pacific cod,75
Eelgrass West,Cook ,10/16/2020,Oct,2020,Pacific cod,85
Laminaria East,Cook ,10/16/2020,Oct,2020,Pacific cod,104
Laminaria East,Cook ,10/16/2020,Oct,2020,Pacific cod,139
Laminaria East,Cook ,10/16/2020,Oct,2020,Pacific cod,139
Laminaria East,Cook ,10/16/2020,Oct,2020,Pacific cod,100
Laminaria East,Cook ,10/16/2020,Oct,2020,Pacific cod,119
Laminaria East,Cook ,10/16/2020,Oct,2020,Pacific cod,105
Laminaria East,Cook ,10/16/2020,Oct,2020,Pacific cod,108
Laminaria East,Cook ,10/16/2020,Oct,2020,Pacific cod,98
Laminaria East,Cook ,10/16/2020,Oct,2020,Pacific cod,98
Laminaria East,Cook ,10/16/2020,Oct,2020,Pacific cod,99
Laminaria East,Cook ,10/16/2020,Oct,2020,Pacific cod,112
Laminaria East,Cook ,10/16/2020,Oct,2020,Pacific cod,107
Laminaria East,Cook ,10/16/2020,Oct,2020,Pacific cod,153
Laminaria East,Cook ,10/16/2020,Oct,2020,Pacific cod,104
Laminaria East,Cook ,10/16/2020,Oct,2020,Pacific cod,124
Laminaria East,Cook ,10/16/2020,Oct,2020,Pacific cod,123
Laminaria East,Cook ,10/16/2020,Oct,2020,Pacific cod,111
Laminaria East,Cook ,10/16/2020,Oct,2020,Pacific cod,95
Laminaria East,Cook ,10/16/2020,Oct,2020,Pacific cod,102
Laminaria East,Cook ,10/16/2020,Oct,2020,Pacific cod,94
Laminaria East,Cook ,10/16/2020,Oct,2020,Pacific cod,102
Laminaria East,Cook ,10/16/2020,Oct,2020,Pacific cod,101
Laminaria East,Cook ,10/16/2020,Oct,2020,Pacific cod,140
Laminaria East,Cook ,10/16/2020,Oct,2020,Pacific cod,96
Laminaria East,Cook ,10/16/2020,Oct,2020,Pacific cod,98
Laminaria East,Cook ,10/16/2020,Oct,2020,Pacific cod,85
Laminaria East,Cook ,10/16/2020,Oct,2020,Pacific cod,82
Laminaria East,Cook ,10/16/2020,Oct,2020,Pacific cod,99
Laminaria East,Cook ,10/16/2020,Oct,2020,Pacific cod,87
Laminaria East,Cook ,10/16/2020,Oct,2020,Pacific cod,96
Laminaria East,Cook ,10/16/2020,Oct,2020,Pacific cod,84
Laminaria East,Cook ,10/16/2020,Oct,2020,Pacific cod,86
Eelgrass South,Cook ,10/16/2020,Oct,2020,Pacific cod,88
Eelgrass South,Cook ,10/16/2020,Oct,2020,Pacific cod,78
Eelgrass South,Cook ,10/16/2020,Oct,2020,Pacific cod,90
Eelgrass South,Cook ,10/16/2020,Oct,2020,Pacific cod,139
Eelgrass South,Cook ,10/16/2020,Oct,2020,Pacific cod,97
Eelgrass South,Cook ,10/16/2020,Oct,2020,Pacific cod,87
Eelgrass South,Cook ,10/16/2020,Oct,2020,Pacific cod,111
Eelgrass South,Cook ,10/16/2020,Oct,2020,Pacific cod,109
Eelgrass South,Cook ,10/16/2020,Oct,2020,Pacific cod,104
Eelgrass South,Cook ,10/16/2020,Oct,2020,Pacific cod,105
Eelgrass South,Cook ,10/16/2020,Oct,2020,Pacific cod,124
Eelgrass South,Cook ,10/16/2020,Oct,2020,Pacific cod,93
Eelgrass South,Cook ,10/16/2020,Oct,2020,Pacific cod,102
Eelgrass South,Cook ,10/16/2020,Oct,2020,Pacific cod,96
Eelgrass South,Cook ,10/16/2020,Oct,2020,Pacific cod,120
Eelgrass South,Cook ,10/16/2020,Oct,2020,Pacific cod,87
Eelgrass South,Cook ,10/16/2020,Oct,2020,Pacific cod,81
Eelgrass South,Cook ,10/16/2020,Oct,2020,Pacific cod,65
Eelgrass South,Cook ,10/16/2020,Oct,2020,Pacific cod,78
Eelgrass South,Cook ,10/16/2020,Oct,2020,Pacific cod,127
Eelgrass South,Cook ,10/16/2020,Oct,2020,Pacific cod,108
Eelgrass South,Cook ,10/16/2020,Oct,2020,Pacific cod,105
Eelgrass South,Cook ,10/16/2020,Oct,2020,Pacific cod,110
Eelgrass South,Cook ,10/16/2020,Oct,2020,Pacific cod,116
Eelgrass South,Cook ,10/16/2020,Oct,2020,Pacific cod,94
Eelgrass South,Cook ,10/16/2020,Oct,2020,Pacific cod,91
Eelgrass South,Cook ,10/16/2020,Oct,2020,Pacific cod,118
Eelgrass South,Cook ,10/16/2020,Oct,2020,Pacific cod,96
Eelgrass South,Cook ,10/16/2020,Oct,2020,Pacific cod,97
Eelgrass South,Cook ,10/16/2020,Oct,2020,Pacific cod,109
Eelgrass South,Cook ,10/16/2020,Oct,2020,Pacific cod,102
Eelgrass South,Cook ,10/16/2020,Oct,2020,Pacific cod,139
Eelgrass South,Cook ,10/16/2020,Oct,2020,Pacific cod,95
Eelgrass South,Cook ,10/16/2020,Oct,2020,Pacific cod,134
Eelgrass South,Cook ,10/16/2020,Oct,2020,Pacific cod,104
Eelgrass South,Cook ,10/16/2020,Oct,2020,Pacific cod,101
Eelgrass South,Cook ,10/16/2020,Oct,2020,Pacific cod,149
Eelgrass South,Cook ,10/16/2020,Oct,2020,Pacific cod,75
Eelgrass South,Cook ,10/16/2020,Oct,2020,Pacific cod,109
Eelgrass South,Cook ,10/16/2020,Oct,2020,Pacific cod,96
Eelgrass South,Cook ,10/16/2020,Oct,2020,Pacific cod,97
Eelgrass South,Cook ,10/16/2020,Oct,2020,Pacific cod,120
Eelgrass South,Cook ,10/16/2020,Oct,2020,Pacific cod,98
Eelgrass South,Cook ,10/16/2020,Oct,2020,Pacific cod,93
Eelgrass South,Cook ,10/16/2020,Oct,2020,Pacific cod,99
Eelgrass South,Cook ,10/16/2020,Oct,2020,Pacific cod,90
Eelgrass South,Cook ,10/16/2020,Oct,2020,Pacific cod,102
Eelgrass South,Cook ,10/16/2020,Oct,2020,Pacific cod,89
Eelgrass South,Cook ,10/16/2020,Oct,2020,Pacific cod,71
Eelgrass West,Cook ,9/16/2020,Sept,2020,Pacific cod,132
Eelgrass West,Cook ,9/16/2020,Sept,2020,Pacific cod,72
Eelgrass West,Cook ,9/16/2020,Sept,2020,Pacific cod,79
Eelgrass West,Cook ,9/16/2020,Sept,2020,Pacific cod,106
Eelgrass West,Cook ,9/16/2020,Sept,2020,Pacific cod,70
Eelgrass West,Cook ,9/16/2020,Sept,2020,Pacific cod,102
Eelgrass West,Cook ,9/16/2020,Sept,2020,Pacific cod,88
Eelgrass West,Cook ,9/16/2020,Sept,2020,Pacific cod,100
Eelgrass West,Cook ,9/16/2020,Sept,2020,Pacific cod,94
Eelgrass West,Cook ,9/16/2020,Sept,2020,Pacific cod,88
Eelgrass West,Cook ,9/16/2020,Sept,2020,Pacific cod,86
Eelgrass West,Cook ,9/16/2020,Sept,2020,Pacific cod,98
Eelgrass West,Cook ,9/16/2020,Sept,2020,Pacific cod,107
Eelgrass West,Cook ,9/16/2020,Sept,2020,Pacific cod,108
Eelgrass West,Cook ,9/16/2020,Sept,2020,Pacific cod,107
Eelgrass West,Cook ,9/16/2020,Sept,2020,Pacific cod,86
Eelgrass West,Cook ,9/16/2020,Sept,2020,Pacific cod,88
Eelgrass West,Cook ,9/16/2020,Sept,2020,Pacific cod,99
Eelgrass West,Cook ,9/16/2020,Sept,2020,Pacific cod,98
Eelgrass West,Cook ,9/16/2020,Sept,2020,Pacific cod,96
Eelgrass West,Cook ,9/16/2020,Sept,2020,Pacific cod,89
Eelgrass West,Cook ,9/16/2020,Sept,2020,Pacific cod,92
Eelgrass West,Cook ,9/16/2020,Sept,2020,Pacific cod,117
Eelgrass West,Cook ,9/16/2020,Sept,2020,Pacific cod,85
Eelgrass West,Cook ,9/16/2020,Sept,2020,Pacific cod,93
Eelgrass West,Cook ,9/16/2020,Sept,2020,Pacific cod,81
Laminaria North,Cook ,9/16/2020,Sept,2020,Pacific cod,87
Laminaria North,Cook ,9/16/2020,Sept,2020,Pacific cod,89
Laminaria North,Cook ,9/16/2020,Sept,2020,Pacific cod,82
Laminaria North,Cook ,9/16/2020,Sept,2020,Pacific cod,90
Laminaria North,Cook ,9/16/2020,Sept,2020,Pacific cod,111
Laminaria North,Cook ,9/16/2020,Sept,2020,Pacific cod,118
Laminaria North,Cook ,9/16/2020,Sept,2020,Pacific cod,88
Laminaria North,Cook ,9/16/2020,Sept,2020,Pacific cod,104
Laminaria North,Cook ,9/16/2020,Sept,2020,Pacific cod,92
Laminaria North,Cook ,9/16/2020,Sept,2020,Pacific cod,132
Laminaria North,Cook ,9/16/2020,Sept,2020,Pacific cod,91
Laminaria North,Cook ,9/16/2020,Sept,2020,Pacific cod,120
Laminaria North,Cook ,9/16/2020,Sept,2020,Pacific cod,136
Laminaria North,Cook ,9/16/2020,Sept,2020,Pacific cod,107
Laminaria North,Cook ,9/16/2020,Sept,2020,Pacific cod,91
Laminaria North,Cook ,9/16/2020,Sept,2020,Pacific cod,104
Laminaria North,Cook ,9/16/2020,Sept,2020,Pacific cod,87
Laminaria North,Cook ,9/16/2020,Sept,2020,Pacific cod,95
Laminaria North,Cook ,9/16/2020,Sept,2020,Pacific cod,87
Laminaria North,Cook ,9/16/2020,Sept,2020,Pacific cod,85
Laminaria North,Cook ,9/16/2020,Sept,2020,Pacific cod,82
Laminaria North,Cook ,9/16/2020,Sept,2020,Pacific cod,102
Laminaria North,Cook ,9/16/2020,Sept,2020,Pacific cod,143
Laminaria North,Cook ,9/16/2020,Sept,2020,Pacific cod,102
Laminaria North,Cook ,9/16/2020,Sept,2020,Pacific cod,103
Laminaria North,Cook ,9/16/2020,Sept,2020,Pacific cod,88
Laminaria North,Cook ,9/16/2020,Sept,2020,Pacific cod,84
Laminaria North,Cook ,9/16/2020,Sept,2020,Pacific cod,115
Laminaria North,Cook ,9/16/2020,Sept,2020,Pacific cod,116
Laminaria North,Cook ,9/16/2020,Sept,2020,Pacific cod,94
Laminaria North,Cook ,9/16/2020,Sept,2020,Pacific cod,92
Laminaria North,Cook ,9/16/2020,Sept,2020,Pacific cod,106
Laminaria North,Cook ,9/16/2020,Sept,2020,Pacific cod,105
Laminaria North,Cook ,9/16/2020,Sept,2020,Pacific cod,95
Laminaria North,Cook ,9/16/2020,Sept,2020,Pacific cod,83
Laminaria North,Cook ,9/16/2020,Sept,2020,Pacific cod,98
Laminaria North,Cook ,9/16/2020,Sept,2020,Pacific cod,95
Laminaria North,Cook ,9/16/2020,Sept,2020,Pacific cod,117
Laminaria North,Cook ,9/16/2020,Sept,2020,Pacific cod,76
Laminaria North,Cook ,9/16/2020,Sept,2020,Pacific cod,106
Laminaria North,Cook ,9/16/2020,Sept,2020,Pacific cod,96
Laminaria East,Cook ,9/16/2020,Sept,2020,Pacific cod,112
Laminaria East,Cook ,9/16/2020,Sept,2020,Pacific cod,95
Laminaria East,Cook ,9/16/2020,Sept,2020,Pacific cod,93
Laminaria East,Cook ,9/16/2020,Sept,2020,Pacific cod,84
Laminaria East,Cook ,9/16/2020,Sept,2020,Pacific cod,101
Laminaria East,Cook ,9/16/2020,Sept,2020,Pacific cod,89
Laminaria East,Cook ,9/16/2020,Sept,2020,Pacific cod,94
Laminaria East,Cook ,9/16/2020,Sept,2020,Pacific cod,100
Laminaria East,Cook ,9/16/2020,Sept,2020,Pacific cod,86
Laminaria East,Cook ,9/16/2020,Sept,2020,Pacific cod,91
Laminaria East,Cook ,9/16/2020,Sept,2020,Pacific cod,103
Laminaria East,Cook ,9/16/2020,Sept,2020,Pacific cod,95
Laminaria East,Cook ,9/16/2020,Sept,2020,Pacific cod,89
Laminaria East,Cook ,9/16/2020,Sept,2020,Pacific cod,91
Laminaria East,Cook ,9/16/2020,Sept,2020,Pacific cod,106
Laminaria East,Cook ,9/16/2020,Sept,2020,Pacific cod,85
Laminaria East,Cook ,9/16/2020,Sept,2020,Pacific cod,70
Laminaria East,Cook ,9/16/2020,Sept,2020,Pacific cod,114
Laminaria East,Cook ,9/16/2020,Sept,2020,Pacific cod,90
Laminaria East,Cook ,9/16/2020,Sept,2020,Pacific cod,108
Laminaria East,Cook ,9/16/2020,Sept,2020,Pacific cod,112
Laminaria East,Cook ,9/16/2020,Sept,2020,Pacific cod,118
Laminaria East,Cook ,9/16/2020,Sept,2020,Pacific cod,95
Laminaria East,Cook ,9/16/2020,Sept,2020,Pacific cod,91
Laminaria East,Cook ,9/16/2020,Sept,2020,Pacific cod,103
Laminaria East,Cook ,9/16/2020,Sept,2020,Pacific cod,90
Laminaria East,Cook ,9/16/2020,Sept,2020,Pacific cod,89
Laminaria East,Cook ,9/16/2020,Sept,2020,Pacific cod,94
Laminaria East,Cook ,9/16/2020,Sept,2020,Pacific cod,98
Laminaria East,Cook ,9/16/2020,Sept,2020,Pacific cod,123
Laminaria East,Cook ,9/16/2020,Sept,2020,Pacific cod,110
Laminaria East,Cook ,9/16/2020,Sept,2020,Pacific cod,94
Laminaria East,Cook ,9/16/2020,Sept,2020,Pacific cod,92
Laminaria East,Cook ,9/16/2020,Sept,2020,Pacific cod,101
Laminaria East,Cook ,9/16/2020,Sept,2020,Pacific cod,88
Laminaria East,Cook ,9/16/2020,Sept,2020,Pacific cod,112
Laminaria East,Cook ,9/16/2020,Sept,2020,Pacific cod,98
Laminaria East,Cook ,9/16/2020,Sept,2020,Pacific cod,123
Laminaria East,Cook ,9/16/2020,Sept,2020,Pacific cod,91
Laminaria East,Cook ,9/16/2020,Sept,2020,Pacific cod,99
Laminaria East,Cook ,9/16/2020,Sept,2020,Pacific cod,131
Laminaria East,Cook ,9/16/2020,Sept,2020,Pacific cod,92
Laminaria East,Cook ,9/16/2020,Sept,2020,Pacific cod,82
Laminaria East,Cook ,9/16/2020,Sept,2020,Pacific cod,110
Eelgrass South,Cook ,9/16/2020,Sept,2020,Pacific cod,93
Eelgrass South,Cook ,9/16/2020,Sept,2020,Pacific cod,79
Eelgrass South,Cook ,9/16/2020,Sept,2020,Pacific cod,87
Eelgrass South,Cook ,9/16/2020,Sept,2020,Pacific cod,77
Eelgrass South,Cook ,9/16/2020,Sept,2020,Pacific cod,86
Eelgrass South,Cook ,9/16/2020,Sept,2020,Pacific cod,89
Eelgrass South,Cook ,9/16/2020,Sept,2020,Pacific cod,108
Eelgrass South,Cook ,9/16/2020,Sept,2020,Pacific cod,109
Eelgrass South,Cook ,9/16/2020,Sept,2020,Pacific cod,91
Eelgrass South,Cook ,9/16/2020,Sept,2020,Pacific cod,82
Eelgrass South,Cook ,9/16/2020,Sept,2020,Pacific cod,79
Eelgrass South,Cook ,9/16/2020,Sept,2020,Pacific cod,90
Eelgrass South,Cook ,9/16/2020,Sept,2020,Pacific cod,82
Eelgrass South,Cook ,9/16/2020,Sept,2020,Pacific cod,83
Eelgrass South,Cook ,9/16/2020,Sept,2020,Pacific cod,101
Eelgrass South,Cook ,9/16/2020,Sept,2020,Pacific cod,79
Eelgrass South,Cook ,9/16/2020,Sept,2020,Pacific cod,104
Eelgrass South,Cook ,9/16/2020,Sept,2020,Pacific cod,85
Eelgrass South,Cook ,9/16/2020,Sept,2020,Pacific cod,79
Eelgrass South,Cook ,9/16/2020,Sept,2020,Pacific cod,94
Eelgrass South,Cook ,9/16/2020,Sept,2020,Pacific cod,116
Eelgrass South,Cook ,9/16/2020,Sept,2020,Pacific cod,118
Eelgrass South,Cook ,9/16/2020,Sept,2020,Pacific cod,99
Eelgrass South,Cook ,9/16/2020,Sept,2020,Pacific cod,129
Eelgrass South,Cook ,9/16/2020,Sept,2020,Pacific cod,79
Eelgrass South,Cook ,9/16/2020,Sept,2020,Pacific cod,104
Eelgrass South,Cook ,9/16/2020,Sept,2020,Pacific cod,106
Eelgrass South,Cook ,9/16/2020,Sept,2020,Pacific cod,92
Eelgrass South,Cook ,9/16/2020,Sept,2020,Pacific cod,90
Eelgrass South,Cook ,9/16/2020,Sept,2020,Pacific cod,96
Eelgrass South,Cook ,9/16/2020,Sept,2020,Pacific cod,84
Eelgrass South,Cook ,9/16/2020,Sept,2020,Pacific cod,104
Eelgrass South,Cook ,9/16/2020,Sept,2020,Pacific cod,99
Eelgrass South,Cook ,9/16/2020,Sept,2020,Pacific cod,89
Eelgrass South,Cook ,9/16/2020,Sept,2020,Pacific cod,101
Eelgrass South,Cook ,9/16/2020,Sept,2020,Pacific cod,92
Laminaria South,Cook ,7/17/2018,July,2018,Pacific cod,55
Laminaria South,Cook ,7/17/2018,July,2018,Pacific cod,49
Laminaria South,Cook ,7/17/2018,July,2018,Pacific cod,56
Laminaria South,Cook ,7/17/2018,July,2018,Pacific cod,55
Laminaria South,Cook ,7/17/2018,July,2018,Pacific cod,55
Laminaria South,Cook ,7/17/2018,July,2018,Pacific cod,48
Laminaria South,Cook ,7/17/2018,July,2018,Pacific cod,53
Laminaria South,Cook ,7/17/2018,July,2018,Pacific cod,59
Laminaria South,Cook ,7/17/2018,July,2018,Pacific cod,58
Laminaria South,Cook ,7/17/2018,July,2018,Pacific cod,62
Middle cove,Cook ,8/21/2018,Aug,2018,Pacific cod,89
Middle cove,Cook ,8/21/2018,Aug,2018,Pacific cod,78
Middle cove,Cook ,8/21/2018,Aug,2018,Pacific cod,91
Middle cove,Cook ,8/21/2018,Aug,2018,Pacific cod,98
Middle cove,Cook ,8/21/2018,Aug,2018,Pacific cod,70
Middle cove,Cook ,8/21/2018,Aug,2018,Pacific cod,75
Middle cove,Cook ,8/21/2018,Aug,2018,Pacific cod,70
Middle cove,Cook ,8/21/2018,Aug,2018,Pacific cod,63
Middle cove,Cook ,8/21/2018,Aug,2018,Pacific cod,62
Eelgrass North,Cook ,8/21/2018,Aug,2018,Pacific cod,96
Eelgrass North,Cook ,8/21/2018,Aug,2018,Pacific cod,95
Eelgrass North,Cook ,8/21/2018,Aug,2018,Pacific cod,83
Eelgrass North,Cook ,8/21/2018,Aug,2018,Pacific cod,78
Eelgrass North,Cook ,8/21/2018,Aug,2018,Pacific cod,82
Eelgrass North,Cook ,8/21/2018,Aug,2018,Pacific cod,72
Eelgrass North,Cook ,8/21/2018,Aug,2018,Pacific cod,75
Middle cove,Cook ,8/21/2018,Aug,2018,Pacific cod,98
Middle cove,Cook ,8/21/2018,Aug,2018,Pacific cod,95
Middle cove,Cook ,8/21/2018,Aug,2018,Pacific cod,84
Middle cove,Cook ,8/21/2018,Aug,2018,Pacific cod,82
Middle cove,Cook ,8/21/2018,Aug,2018,Pacific cod,80
