Species,Specimen_num,bay,site,date_cap,Month,Year,Jul_date,temp,sal,net,age,TL,SL,body_wwt,sex,liver_wwt,stom_full_code,stomach_per,HSIwet,HSI_wet,lipid_num,per_liver_lipid ,per_mus_lipid
Pacific cod,EFH18/19-99,Cook Bay,EG South,7/16/2018,July,2018,197,10.9,30.9,beach seine,0,61,57,1.9093,I,0.0089,4,5.13,0.005975561,0.4937587,100L,1.403,98.597
Pacific cod,EFH18/19-100,Cook Bay,EG South,7/16/2018,July,2018,197,10.9,30.9,beach seine,0,73,67,3.1112,I,0.0245,4,3.99,0.009298618,0.8269484,101L,3.315,96.685
Pacific cod,EFH18/19-101,Cook Bay,EG South,7/16/2018,July,2018,197,10.9,30.9,beach seine,0,60,56,2.1394,I,0.0219,4,6.82,0.012525021,1.1108293,102L,10.735,89.265
Pacific cod,EFH18/19-102,Cook Bay,EG South,7/16/2018,July,2018,197,10.9,30.9,beach seine,0,65,60,2.3612,I,0.0297,5,6.46,0.015615963,1.3630106,103L,9.825,90.175
Pacific cod,EFH18/19-103,Cook Bay,EG South,7/16/2018,July,2018,197,10.9,30.9,beach seine,0,69,64,2.7453,I,0.031,3,3.92,0.013576246,1.1892887,104L,4.24,95.76
Pacific cod,EFH18/19-104,Cook Bay,EG South,7/16/2018,July,2018,197,10.9,30.9,beach seine,0,60,56,1.8083,I,0.0153,3,3.99,0.009943459,0.8891213,105L,3.347,96.653
Pacific cod,EFH18/19-105,Cook Bay,EG South,7/16/2018,July,2018,197,10.9,30.9,beach seine,0,69,64,2.7233,I,0.0306,3,4.12,0.013466532,1.1858627,106L,3.54,96.46
Pacific cod,EFH18/19-106,Cook Bay,EG South,7/16/2018,July,2018,197,10.9,30.9,beach seine,0,73,68,2.9848,I,0.0262,4,4.24,0.010401779,0.9251412,107L,3.299,96.701
Pacific cod,EFH18/19-107,Cook Bay,EG South,7/16/2018,July,2018,197,10.9,30.9,beach seine,0,67,62,2.5592,I,0.0286,3,3.56,0.013569294,1.1724194,108L,6.755,93.245
Pacific cod,EFH18/19-108,Cook Bay,EG South,7/16/2018,July,2018,197,10.9,30.9,beach seine,0,52,48,1.1657,I,0.0079,4,5.06,0.008274851,0.7189661,109L,1.818,98.182
Pacific cod,EFH18/19-109,Cook Bay,EG South,7/16/2018,July,2018,197,10.9,30.9,beach seine,0,57,53,1.5418,I,0.0111,5,7.58,0.009162952,0.7851181,110L,2.112,97.888
Pacific cod,EFH18/19-110,Cook Bay,EG South,7/16/2018,July,2018,197,10.9,30.9,beach seine,0,67,62,2.3368,I,0.0169,4,4.96,0.008681358,0.7667877,111L,4.263,95.737
Pacific cod,EFH18/19-111,Cook Bay,EG South,7/16/2018,July,2018,197,10.9,30.9,beach seine,0,67,62,2.2965,I,0.0197,5,5.95,0.010370604,0.9205177,112L,3.027,96.973
Pacific cod,EFH18/19-112,Cook Bay,EG South,7/16/2018,July,2018,197,10.9,30.9,beach seine,0,72,67,2.9751,I,0.0199,4,5.07,0.007891502,0.7095739,113L,2.084,97.916
Pacific cod,EFH18/19-113,Cook Bay,EG South,7/16/2018,July,2018,197,10.9,30.9,beach seine,0,62,57,2.1402,I,0.0186,5,9.27,0.010547805,0.9670878,114L,7.197,92.803
Pacific cod,EFH18/19-114,Cook Bay,EG South,7/16/2018,July,2018,197,10.9,30.9,beach seine,0,67,62,2.3395,I,0.0122,4,4.11,0.006091776,0.5468155,115L,1.832,98.168
Pacific cod,EFH18/19-115,Cook Bay,EG South,7/16/2018,July,2018,197,10.9,30.9,beach seine,0,57,52,1.3996,I,0.0117,4,6.19,0.010072314,0.8991009,116L,7.292,92.708
Pacific cod,EFH18/19-116,Cook Bay,EG South,8/21/2018,Aug,2018,233,11.7,30.4,beach seine,0,83,77,5.4167,I,0.0592,5,3.78,0.01291533,1.1489122,117L,5.189,94.811
Pacific cod,EFH18/19-117,Cook Bay,EG South,8/21/2018,Aug,2018,233,11.7,30.4,beach seine,0,81,75,4.9392,F,0.0683,6,8.46,0.017541607,1.5338319,118L,11.208,88.792
Pacific cod,EFH18/19-118,Cook Bay,EG South,8/21/2018,Aug,2018,233,11.7,30.4,beach seine,0,75,70,3.7773,F,0.0379,4,3.88,0.012736927,1.0548876,119L,6.089,93.911
Pacific cod,EFH18/19-119,Cook Bay,EG South,8/21/2018,Aug,2018,233,11.7,30.4,beach seine,0,71,65,3.4551,M,0.0429,5,6.02,0.015933148,1.338826,120L,4.816,95.184
Pacific cod,EFH18/19-120,Cook Bay,EG South,8/21/2018,Aug,2018,233,11.7,30.4,beach seine,0,87,83,7.0424,F,0.1009,5,5.44,0.017159864,1.5384615,121L,6.45,93.55
Pacific cod,EFH18/19-121,Cook Bay,EG South,8/21/2018,Aug,2018,233,11.7,30.4,beach seine,0,71,65,2.5478,F,0.0217,4,4.09,0.009988952,0.8959538,122L,4.04,95.96
Pacific cod,EFH18/19-122,Cook Bay,EG South,8/21/2018,Aug,2018,233,11.7,30.4,beach seine,0,66,62,2.4571,I,0.0118,4,3.63,0.005634341,0.5008064,123L,2.24,97.76
Pacific cod,EFH18/19-123,Cook Bay,EG South,8/21/2018,Aug,2018,233,11.7,30.4,beach seine,0,79,74,4.6964,F,0.0483,5,4,0.012019111,1.0829354,124L,4.447,95.553
Pacific cod,EFH18/19-124,Cook Bay,EG South,8/21/2018,Aug,2018,233,11.7,30.4,beach seine,0,100,94,9.4368,F,0.1445,4,4.9,0.018122531,1.6364295,125L,10.7,89.3
Pacific cod,EFH18/19-125,Cook Bay,EG South,8/21/2018,Aug,2018,233,11.7,30.4,beach seine,0,98,91,9.4029,F,0.0898,5,7.72,0.011906972,1.0457669,126L,8.17,91.83
Pacific cod,EFH18/19-126,Cook Bay,EG North,8/21/2018,Aug,2018,233,11.5,30.8,beach seine,0,80,75,4.5437,F,0.028,5,7.5,0.00740212,0.6706587,127L,3.982,96.018
Pacific cod,EFH18/19-127,Cook Bay,EG North,8/21/2018,Aug,2018,233,11.5,30.8,beach seine,0,80,75,5.6652,F,0.0602,6,15.19,0.01414374,1.2688376,128L,8.923,91.077
Pacific cod,EFH18/19-128,Cook Bay,EG North,8/21/2018,Aug,2018,233,11.5,30.8,beach seine,0,78,73,4.5594,M,0.0452,6,9.57,0.012692351,1.108468,129L,6.471,93.529
Pacific cod,EFH18/19-129,Cook Bay,EG North,8/21/2018,Aug,2018,233,11.5,30.8,beach seine,0,81,76,5.0264,M,0.0615,5,5.26,0.014475016,1.3083436,130L,6.796,93.204
Pacific cod,EFH18/19-130,Cook Bay,EG North,8/21/2018,Aug,2018,233,11.5,30.8,beach seine,0,64,60,2.2809,I,0.0167,4,3.75,0.008855658,0.7665473,131L,4.314,95.686
Pacific cod,EFH18/19-131,Cook Bay,EG North,8/21/2018,Aug,2018,233,11.5,30.8,beach seine,0,86,80,5.6983,M,0.0477,5,5.84,0.009885396,0.8970212,132L,5.387,94.613
Pacific cod,EFH18/19-132,Cook Bay,EG North,8/21/2018,Aug,2018,233,11.5,30.8,beach seine,0,84,78,5.2251,F,0.0534,6,8.7,0.012367123,1.1320035,133L,5.2,94.8
Pacific cod,EFH18/19-133,Cook Bay,EG North,8/21/2018,Aug,2018,233,11.5,30.8,beach seine,0,71,77,4.1499,F,0.024,4,4.07,0.006820313,0.6064894,134L,1.905,98.095
Pacific cod,EFH18/19-134,Cook Bay,EG North,8/21/2018,Aug,2018,233,11.5,30.8,beach seine,0,65,60,2.2988,I,0.0082,4,4.02,0.004237945,0.3730155,135L,1.995,98.005
Pacific cod,EFH18/19-135,Cook Bay,Lam East,8/21/2018,Aug,2018,233,11.4,31,beach seine,0,98,91,9.2871,F,0.0663,5,6.33,0.008610725,0.76801,136L,3.887,96.113
Pacific cod,EFH18/19-136,Cook Bay,EG South,10/8/2018,Oct,2018,281,9.3,30,beach seine,0,98,93,9.2782,M,0.0469,6,8.82,0.006176254,0.5574573,137L,5.256,94.744
Pacific cod,EFH18/19-137,Cook Bay,EG South,10/8/2018,Oct,2018,281,9.3,30,beach seine,0,79,74,4.3079,M,0.0161,6,7.7,0.004656274,0.4065349,138L,2.511,97.489
Pacific cod,EFH18/19-138,Cook Bay,EG South,10/8/2018,Oct,2018,281,9.3,30,beach seine,0,94,87,7.9803,M,0.0696,7,13.92,0.011423694,1.0234993,139L,19.58,80.42
Pacific cod,EFH18/19-139,Cook Bay,EG South,10/8/2018,Oct,2018,281,9.3,30,beach seine,0,87,80,4.6801,M,0.0205,3,2.79,0.005008796,0.4526585,140L,1.419,98.581
Pacific cod,EFH18/19-140,Cook Bay,EG West,10/8/2018,Oct,2018,281,8.2,31,beach seine,0,97,91,7.4862,M,0.076,5,6.8,0.011985302,1.1013056,141L,12.398,87.602
Pacific cod,EFH18/19-141,Cook Bay,EG West,10/8/2018,Oct,2018,281,8.2,31,beach seine,0,103,96,9.2405,F,0.1123,6,6.85,0.014581196,1.3218607,142L,30.442,69.558
Pacific cod,EFH18/19-142,Cook Bay,EG West,10/8/2018,Oct,2018,281,8.2,31,beach seine,0,109,101,13.2919,M,0.0963,7,10.51,0.009152339,0.8161639,143L,19.819,80.181
Pacific cod,EFH18/19-143,Cook Bay,EG West,10/8/2018,Oct,2018,281,8.2,31,beach seine,0,116,108,15.9258,M,0.3312,5,6.2,0.025407736,2.2673129,144L,30.624,69.376
Pacific cod,EFH18/19-144,Cook Bay,EG West,10/8/2018,Oct,2018,281,8.2,31,beach seine,0,98,91,7.8496,M,0.1924,5,5.84,0.029250346,2.6726305,145L,68.634,31.366
Pacific cod,EFH18/19-145,Cook Bay,EG West,10/8/2018,Oct,2018,281,8.2,31,beach seine,0,93,87,7.4606,M,0.0472,5,6.53,0.007628036,0.6814605,146L,12.197,87.803
Pacific cod,EFH18/19-146,Cook Bay,EG West,10/8/2018,Oct,2018,281,8.2,31,beach seine,0,91,84,6.1377,M,0.0609,4,3.58,0.011685695,1.0398185,147L,16.336,83.664
Pacific cod,EFH18/19-147,Cook Bay,EG West,10/8/2018,Oct,2018,281,8.2,31,beach seine,0,88,83,6.5617,M,0.0653,6,8.94,0.012400304,1.1049256,148L,22.936,77.064
Pacific cod,EFH18/19-148,Cook Bay,EG West,10/8/2018,Oct,2018,281,8.2,31,beach seine,0,90,84,6.2681,M,0.0513,6,7.81,0.009839273,0.89571,149L,16.096,83.904
Pacific cod,EFH18/19-149,Cook Bay,EG West,10/8/2018,Oct,2018,281,8.2,31,beach seine,0,94,88,7.7853,M,0.1056,6,6.45,0.016449111,1.4712029,150L,21.145,78.855
Pacific cod,EFH18/19-150,Cook Bay,EG West,10/8/2018,Oct,2018,281,8.2,31,beach seine,0,87,81,5.7342,M,0.0564,6,5.23,0.011634143,1.048756,151L,26.889,73.111
Pacific cod,EFH18/19-151,Cook Bay,EG West,10/8/2018,Oct,2018,281,8.2,31,beach seine,0,88,82,5.2782,M,0.0346,6,7.49,0.007998336,0.7136964,152L,9.662,90.338
Pacific cod,EFH18/19-152,Cook Bay,EG West,10/8/2018,Oct,2018,281,8.2,31,beach seine,0,106,99,9.8655,M,0.0705,4,3.43,0.008106616,0.7454874,153L,4.964,95.036
Pacific cod,EFH18/19-153,Cook Bay,EG West,10/8/2018,Oct,2018,281,8.2,31,beach seine,0,95,87,6.8869,M,0.0602,6,6.72,0.01027865,0.9459608,154L,29.065,70.935
Pacific cod,EFH18/19-154,Cook Bay,EG West,10/8/2018,Oct,2018,281,8.2,31,beach seine,0,100,94,9.2933,M,0.0425,6,7.02,0.005464411,0.4942608,155L,11.133,88.867
Pacific cod,EFH18/19-155,Cook Bay,Lam North,10/8/2018,Oct,2018,281,8.9,31,beach seine,0,120,112,15.9885,M,0.1509,6,5.91,0.011141465,1.0132957,156L,17.714,82.286
Pacific cod,EFH18/19-156,Cook Bay,EG West,12/3/2018,Dec,2018,337,5.1,31,beach seine,0,85,80,5.5084,M,0.1272,2,10.33,0.031551532,2.6433366,157L,36.183,63.817
Pacific cod,EFH18/19-157,Cook Bay,EG West,12/3/2018,Dec,2018,337,5.1,31,beach seine,0,102,95,8.9747,M,0.2421,3,2.83,0.031147478,2.8554579,158L,45.336,54.664
Pacific cod,EFH18/19-158,Cook Bay,EG West,12/3/2018,Dec,2018,337,5.1,31,beach seine,0,103,96,8.2828,M,0.1203,5,5.13,0.016580525,1.5547457,159L,23.507,76.493
Pacific cod,EFH18/19-159,Cook Bay,EG West,12/3/2018,Dec,2018,337,5.1,31,beach seine,0,91,84,5.7518,M,0.1157,2,3.24,0.023449059,2.1230137,160L,34.016,65.984
Pacific cod,EFH18/19-160,Cook Bay,EG West,12/3/2018,Dec,2018,337,5.1,31,beach seine,0,88,84,5.8443,M,0.0611,6,8.05,0.012879427,1.1500527,161L,14.918,85.082
Pacific cod,EFH18/19-161,Cook Bay,EG South,9/25/2018,Sept,2018,268,10,24,beach seine,0,98,91,6.6597,M,0.0105,3,2.66,0.001785411,0.1622373,162L,0.955,99.045
Pacific cod,EFH18/19-162,Cook Bay,EG South,9/25/2018,Sept,2018,268,10,24,beach seine,0,91,85,6.3319,M,0.0241,5,4.91,0.004377679,0.4018877,163L,3.241,96.759
Pacific cod,EFH18/19-163,Cook Bay,EG South,9/25/2018,Sept,2018,268,10,24,beach seine,0,83,76,4.3754,M,0.0221,6,4.73,0.005786552,0.5329796,164L,2.948,97.052
Pacific cod,EFH18/19-164,Cook Bay,EG South,9/25/2018,Sept,2018,268,10,24,beach seine,0,84,77,4.9677,M,0.0091,6,9.82,0.002247413,0.2035339,165L,1.787,98.213
Pacific cod,EFH18/19-165,Cook Bay,EG South,9/25/2018,Sept,2018,268,10,24,beach seine,0,99,92,7.5864,M,0.0419,5,4.41,0.006226039,0.5811696,166L,3.138,96.862
Pacific cod,EFH18/19-166,Cook Bay,EG South,9/25/2018,Sept,2018,268,10,24,beach seine,0,78,72,3.2672,F,0.0345,5,4.53,0.011959235,1.1184594,167L,20.569,79.431
Pacific cod,EFH18/19-167,Cook Bay,EG South,9/25/2018,Sept,2018,268,10,24,beach seine,0,86,80,5.3554,M,0.0263,6,10.27,0.005999772,0.5503128,168L,4.421,95.579
Pacific cod,EFH18/19-168,Cook Bay,EG South,9/25/2018,Sept,2018,268,10,24,beach seine,0,76,70,2.7813,M,0.0204,4,3.82,0.008416883,0.7684774,169L,3.601,96.399
Pacific cod,EFH18/19-169,Cook Bay,EG West,9/25/2018,Sept,2018,268,11,32,beach seine,0,120,111,16.7408,F,0.1177,6,9.57,0.008519725,0.7836062,170L,6.646,93.354
Pacific cod,EFH18/19-170,Cook Bay,EG West,9/25/2018,Sept,2018,268,11,32,beach seine,0,84,77,4.3631,M,0.0069,3,3.79,0.001792767,0.1646464,171L,0.555,99.445
Pacific cod,EFH18/19-171,Cook Bay,EG West,9/25/2018,Sept,2018,268,11,32,beach seine,0,96,89,7.4213,F,0.0087,7,7.01,0.001398691,0.1262223,172L,0.455,99.545
Pacific cod,EFH18/19-172,Cook Bay,EG West,9/25/2018,Sept,2018,268,11,32,beach seine,0,92,85,5.9044,M,0.0107,4,4.83,0.002107212,0.1907716,173L,0.897,99.103
Pacific cod,EFH18/19-173,Cook Bay,EG West,9/25/2018,Sept,2018,268,11,32,beach seine,0,68,63,2.3472,I,0.0093,6,4.24,0.004833177,0.4154939,174L,3.354,96.646
Pacific cod,EFH18/19-174,Cook Bay,EG West,9/25/2018,Sept,2018,268,11,32,beach seine,0,79,73,3.9691,I,0.0078,5,5.3,0.002383208,0.207939,175L,0.825,99.175
Pacific cod,EFH18/19-175,Cook Bay,EG West,9/25/2018,Sept,2018,268,11,32,beach seine,0,79,73,3.386,I,0.0182,2,1.78,0.006229677,0.5502479,176L,3.865,96.135
Pacific cod,EFH18/19-176,Cook Bay,EG West,9/25/2018,Sept,2018,268,11,32,beach seine,0,62,57,1.3756,I,0.0024,4,3.7,0.002080805,0.1815019,177L,0.396,99.604
Pacific cod,EFH18/19-177,Cook Bay,EG West,9/25/2018,Sept,2018,268,11,32,beach seine,0,106,99,11.6376,M,0.0527,7,9.57,0.005479481,0.503266,178L,8.474,91.526
Pacific cod,EFH18/19-178,Cook Bay,EG West,9/25/2018,Sept,2018,268,11,32,beach seine,0,92,85,7.6345,M,0.0143,6,6.55,0.002238853,0.2008399,179L,0.878,99.122
Pacific cod,EFH18/19-179,Cook Bay,EG West,9/25/2018,Sept,2018,268,11,32,beach seine,0,93,87,7.6717,M,0.0481,7,8.51,0.008016934,0.6900608,180L,6.892,93.108
Pacific cod,EFH18/19-180,Cook Bay,EG West,9/25/2018,Sept,2018,268,11,32,beach seine,0,98,91,7.9866,M,0.0345,6,6.12,0.005129196,0.4622496,181L,3.781,96.219
Pacific cod,EFH18/19-181,Cook Bay,EG South,6/28/2018,June,2018,179,10.8,17,beach seine,0,55,51,1.3324,I,0.022,5,6.12,0.020124405,1.7903646,182L,15.263,84.737
Pacific cod,EFH18/19-182,Cook Bay,EG South,6/28/2018,June,2018,179,10.8,17,beach seine,0,53,49,1.2147,I,0.0136,4,6.55,0.013833791,1.2126616,183L,10.259,89.741
Pacific cod,EFH18/19-183,Cook Bay,EG South,6/28/2018,June,2018,179,10.8,17,beach seine,0,54,51,1.3385,I,0.0101,5,5.04,0.009165986,0.8009516,184L,5.025,94.975
Pacific cod,EFH18/19-184,Cook Bay,EG South,6/28/2018,June,2018,179,10.8,17,beach seine,0,59,54,1.7724,I,0.0101,5,8.09,0.007081756,0.6238804,185L,4.66,95.34
Pacific cod,EFH18/19-185,Cook Bay,EG South,6/28/2018,June,2018,179,10.8,17,beach seine,0,61,56,1.9534,I,0.0361,6,6.33,0.023441558,2.0125997,186L,33.338,66.662
Pacific cod,EFH18/19-186,Cook Bay,EG South,6/28/2018,June,2018,179,10.8,17,beach seine,0,51,47,0.9297,I,0.0021,3,3.9,0.002830189,0.2356109,187L,0.737,99.263
Pacific cod,EFH18/19-187,Cook Bay,EG South,6/28/2018,June,2018,179,10.8,17,beach seine,0,38,35,0.4273,I,0.0014,5,4.7,0.004433186,0.3449975,188L,0.533,99.467
Pacific cod,EFH18/19-188,Cook Bay,EG South,6/28/2018,June,2018,179,10.8,17,beach seine,0,37,34,0.3457,I,0.0012,4,2.78,0.005035669,0.3583159,189L,0.577,99.423
Pacific cod,EFH18/19-189,Cook Bay,EG South,6/28/2018,June,2018,179,10.8,17,beach seine,0,41,38,0.5249,I,0.0025,5,4.76,0.006727664,0.5026136,190L,1.094,98.906
Pacific cod,EFH18/19-190,Cook Bay,EG South,6/28/2018,June,2018,179,10.8,17,beach seine,0,53,48,1.1329,I,0.0046,5,5.44,0.005488605,0.4312365,191L,4.289,95.711
Pacific cod,EFH18/19-191,Cook Bay,EG South,6/28/2018,June,2018,179,10.8,17,beach seine,0,53,48,1.3326,I,0.0097,4,4.42,0.008534225,0.7674051,192L,5.202,94.798
Pacific cod,EFH18/19-192,Cook Bay,EG South,6/28/2018,June,2018,179,10.8,17,beach seine,0,50,46,1.0315,I,0.0072,5,4.77,0.008372093,0.7383858,289L,7.508,92.492
Pacific cod,EFH18/19-193,Cook Bay,EG South,6/28/2018,June,2018,179,10.8,17,beach seine,0,51,47,1.047,I,0.0146,4,4.69,0.01717445,1.4847961,291L,14.234,85.766
Pacific cod,EFH18/19-194,Cook Bay,EG South,6/28/2018,June,2018,179,10.8,17,beach seine,0,62,57,2.0208,I,0.0272,5,6.66,0.016931217,1.4631522,293L,21.655,78.345
Pacific cod,EFH18/19-195,Cook Bay,EG South,6/28/2018,June,2018,179,10.8,17,beach seine,0,51,47,1.1722,I,0.0073,4,5.05,0.007933058,0.6602152,295L,NA,NA
Pacific cod,EFH18/19-196,Cook Bay,EG South,6/28/2018,June,2018,179,10.8,17,beach seine,0,49,45,0.985,I,0.0038,5,8.34,0.005132361,0.4226449,297L,1.051,98.949
Pacific cod,EFH18/19-197,Cook Bay,EG South,6/28/2018,June,2018,179,10.8,17,beach seine,0,53,50,1.1197,I,0.0057,5,5.58,0.006265113,0.5420827,299L,9.603,90.397
Pacific cod,EFH18/19-198,Cook Bay,EG South,6/28/2018,June,2018,179,10.8,17,beach seine,0,49,46,0.9363,I,0.0067,4,4.68,0.008728504,0.7563784,301L,1.796,98.204
Pacific cod,EFH18/19-199,Cook Bay,EG South,6/28/2018,June,2018,179,10.8,17,beach seine,0,53,49,1.1619,I,0.0165,5,8.28,0.018839918,1.5726268,303L,12.814,87.186
Pacific cod,EFH18/19-200,Cook Bay,EG South,6/28/2018,June,2018,179,10.8,17,beach seine,0,50,47,0.9843,I,0.0033,6,7.46,0.004290172,0.3635963,305L,1.712,98.288
Pacific cod,EFH18/19-201,Cook Bay,EG South,11/13/2020,Nov,2020,318,5.3,31.6,beach seine,0,92,85,6.3693,M,0.2773,4,5.42,0.037948872,4.825546,316L,NA,NA
Pacific cod,EFH18/19-202,Cook Bay,EG South,11/13/2020,Nov,2020,318,5.3,31.6,beach seine,0,107,99,10.2128,M,0.2166,6,6.43,0.020403357,2.3191571,317L,50.223,49.777
Pacific cod,EFH18/19-203,Cook Bay,EG West,11/13/2020,Nov,2020,318,5.3,31.6,beach seine,0,96,89,6.7532,M,0.2993,4,4.29,0.038555676,4.8552194,318L,73.541,26.459
Pacific cod,EFH18/19-204,Cook Bay,EG West,11/13/2020,Nov,2020,318,5.3,31.6,beach seine,0,90,83,4.4276,M,0.0518,4,2.9,0.008536445,1.2195409,319L,20.362,79.638
Pacific cod,EFH18/19-205,Cook Bay,EG West,11/13/2020,Nov,2020,318,5.3,31.6,beach seine,0,113,104,10.0547,M,0.0926,3,2.95,0.008531889,0.9580169,320L,7.672,92.328
Pacific cod,EFH18/19-206,Cook Bay,EG West,11/13/2020,Nov,2020,318,5.3,31.6,beach seine,0,112,103,10.7928,M,0.1693,2,3.9,0.015055848,1.6593322,321L,41.015,58.985
Pacific cod,EFH18/19-207,Cook Bay,EG South,9/16/2020,Sept,2020,260,11.5,31.5,beach seine,0,85,78,4.4735,I,0.0293,6,4.35,NA,0.6894442,322L,2.805,97.195
Pacific cod,EFH18/19-208,Cook Bay,EG South,9/16/2020,Sept,2020,260,11.5,31.5,beach seine,0,96,89,6.4634,I,0.0231,6,7.45,NA,0.3876489,323L,1.382,98.618
Pacific cod,EFH18/19-209,Cook Bay,EG South,9/16/2020,Sept,2020,260,11.5,31.5,beach seine,0,75,69,3.2506,I,0.0046,5,4.37,NA,0.1482054,324L,0.694,99.306
Pacific cod,EFH18/19-210,Cook Bay,EG South,9/16/2020,Sept,2020,260,11.5,31.5,beach seine,0,86,80,3.8551,I,0.0123,6,6.32,NA,0.3417616,325L,1.604,98.396
Pacific cod,EFH18/19-211,Cook Bay,EG South,9/16/2020,Sept,2020,260,11.5,31.5,beach seine,0,92,85,5.6229,I,0.0179,5,3.59,NA,0.3312852,326L,0.931,99.069
Pacific cod,EFH18/19-212,Cook Bay,EG South,9/16/2020,Sept,2020,260,11.5,31.5,beach seine,0,87,80,5.5088,I,0.0282,6,6.91,NA,0.5529412,327L,3.061,96.939
Pacific cod,EFH18/19-213,Cook Bay,EG South,9/16/2020,Sept,2020,260,11.5,31.5,beach seine,0,98,90,7.8518,I,0.0319,5,3.8,NA,0.4241344,328L,2.657,97.343
Pacific cod,EFH18/19-214,Cook Bay,EG South,9/16/2020,Sept,2020,260,11.5,31.5,beach seine,0,90,84,6.3021,I,0.0523,5,5.73,NA,0.8881719,329L,6.098,93.902
Pacific cod,EFH18/19-215,Cook Bay,EG South,9/16/2020,Sept,2020,260,11.5,31.5,beach seine,0,89,82,5.7205,I,0.0277,5,6.23,NA,0.5190765,330L,4.107,95.893
Pacific cod,EFH18/19-216,Cook Bay,EG South,9/16/2020,Sept,2020,260,11.5,31.5,beach seine,0,77,72,3.6905,I,0.0124,4,4.1,NA,0.3515935,331L,1.68,98.32
Pacific cod,EFH18/19-217,Cook Bay,EG South,9/16/2020,Sept,2020,260,11.5,31.5,beach seine,0,98,91,7.8853,I,0.0562,6,7.68,NA,0.7779947,332L,10.091,89.909
Pacific cod,EFH18/19-218,Cook Bay,EG South,9/16/2020,Sept,2020,260,11.5,31.5,beach seine,0,114,105,13.0347,I,0.0893,6,7.52,NA,0.7463373,333L,4.782,95.218
Pacific cod,EFH18/19-219,Cook Bay,EG South,9/16/2020,Sept,2020,260,11.5,31.5,beach seine,0,104,96,9.2834,I,0.0438,4,3.22,NA,0.489889,334L,1.656,98.344
Pacific cod,EFH18/19-220,Cook Bay,EG South,9/16/2020,Sept,2020,260,11.5,31.5,beach seine,0,105,97,9.8596,I,0.0466,4,5.95,NA,0.5050724,335L,3.117,96.883
Pacific cod,EFH18/19-221,Cook Bay,EG South,9/16/2020,Sept,2020,260,11.5,31.5,beach seine,0,82,77,4.2142,I,0.0248,5,3.05,NA,0.610687,336L,3.892,96.108
Pacific cod,EFH18/19-222,Cook Bay,EG South,9/16/2020,Sept,2020,260,11.5,31.5,beach seine,0,102,93,8.491,I,0.0582,6,7.54,NA,0.746872,337L,7.438,92.562
Pacific cod,EFH18/19-223,Cook Bay,EG South,9/16/2020,Sept,2020,260,11.5,31.5,beach seine,0,82,76,3.9822,I,0.0493,4,6.35,NA,1.3396375,338L,7.412,92.588
Pacific cod,EFH18/19-224,Cook Bay,EG South,9/16/2020,Sept,2020,260,11.5,31.5,beach seine,0,83,76,3.6195,I,0.0238,4,4.25,NA,0.6915187,339L,3.239,96.761
Pacific cod,EFH18/19-225,Cook Bay,EG South,9/16/2020,Sept,2020,260,11.5,31.5,beach seine,0,91,84,5.8459,I,0.0976,4,3.67,NA,1.7637704,340L,14.759,85.241
Pacific cod,EFH18/19-226,Cook Bay,EG South,9/16/2020,Sept,2020,260,11.5,31.5,beach seine,0,129,119,17.4,I,0.2261,4,6.87,NA,1.4150264,341L,26.644,73.356
Pacific cod,EFH18/19-227,Cook Bay,EG South,6/6/2020,June,2020,158,8.3,31.9,beach seine,0,35,32,0.2645,I,0.0028,4,3.82,NA,1.1128776,342L,1.791,98.209
Pacific cod,EFH18/19-228,Cook Bay,EG South,6/6/2020,June,2020,158,8.3,31.9,beach seine,0,30,27,0.2438,I,0.0021,3,2.38,NA,0.8902077,343L,0.981,99.019
Pacific cod,EFH18/19-229,Cook Bay,EG South,6/6/2020,June,2020,158,8.3,31.9,beach seine,0,34,31,0.2601,I,0.0005,3,6.92,NA,0.2069536,344L,0.249,99.751
Pacific cod,EFH18/19-230,Cook Bay,EG South,6/6/2020,June,2020,158,8.3,31.9,beach seine,0,32,29,0.2462,I,0.0008,4,2.68,NA,0.3350084,345L,0.179,99.821
Pacific cod,EFH18/19-235,Cook Bay,EG South,6/6/2020,June,2020,158,8.3,31.9,beach seine,0,33,30,0.3037,I,0.0018,4,2.77,NA,0.6132879,346L,0.652,99.348
Pacific cod,EFH18/19-237,Cook Bay,EG South,6/6/2020,June,2020,158,8.3,31.9,beach seine,0,34,30,0.3266,I,0.0011,5,3.83,NA,0.3514377,347L,0.56,99.44
Pacific cod,EFH18/19-238,Cook Bay,EG South,6/6/2020,June,2020,158,8.3,31.9,beach seine,0,41,37,0.5041,I,0.0007,2,6.37,NA,0.1485254,348L,0.459,99.541
Pacific cod,EFH18/19-247,Cook Bay,EG South,7/2/2020,July,2020,184,10.3,32,beach seine,0,56,52,1.0379,I,0.0045,4,3.18,NA,0.4498201,349L,2.246,97.754
Pacific cod,EFH18/19-248,Cook Bay,EG South,7/2/2020,July,2020,184,10.3,32,beach seine,0,58,54,1.4691,I,0.0046,6,5.96,NA,0.3340595,350L,1.122,98.878
Pacific cod,EFH18/19-249,Cook Bay,EG South,7/2/2020,July,2020,184,10.3,32,beach seine,0,61,57,1.8554,I,0.0082,6,6.69,NA,0.4759141,351L,0.914,99.086
Pacific cod,EFH18/19-250,Cook Bay,EG South,7/2/2020,July,2020,184,10.3,32,beach seine,0,56,52,1.3274,I,0.0066,6,5.74,NA,0.5302909,352L,1.418,98.582
Pacific cod,EFH18/19-251,Cook Bay,EG South,7/2/2020,July,2020,184,10.3,32,beach seine,0,56,51,1.0474,I,0.0026,4,4.31,NA,0.260078,353L,1.73,98.27
Pacific cod,EFH18/19-252,Cook Bay,EG South,7/2/2020,July,2020,184,10.3,32,beach seine,0,65,61,2.0424,I,0.0126,6,5.29,NA,0.6556695,354L,1.891,98.109
Pacific cod,EFH18/19-253,Cook Bay,EG South,7/2/2020,July,2020,184,10.3,32,beach seine,0,50,46,0.9008,I,0.0043,6,7.93,NA,0.521149,355L,0.91,99.09
Pacific cod,EFH18/19-254,Cook Bay,EG South,7/2/2020,July,2020,184,10.3,32,beach seine,0,58,54,1.2545,I,0.0084,5,4.73,NA,0.7078453,356L,2.946,97.054
Pacific cod,EFH18/19-255,Cook Bay,EG South,7/2/2020,July,2020,184,10.3,32,beach seine,0,57,52,1.3571,I,0.0045,5,4.68,NA,0.3490808,357L,1.399,98.601
Pacific cod,EFH18/19-256,Cook Bay,EG South,7/2/2020,July,2020,184,10.3,32,beach seine,0,58,52,1.2481,I,0.0064,6,8.1,NA,0.5611082,358L,2.769,97.231
Pacific cod,EFH18/19-257,Cook Bay,EG South,7/2/2020,July,2020,184,10.3,32,beach seine,0,60,56,1.3162,I,0.0063,6,6.63,NA,0.5152953,359L,1.75,98.25
Pacific cod,EFH18/19-258,Cook Bay,EG South,7/2/2020,July,2020,184,10.3,32,beach seine,0,61,57,1.4418,I,0.0097,5,5.6,NA,0.7177742,360L,1.475,98.525
Pacific cod,EFH18/19-259,Cook Bay,EG South,7/2/2020,July,2020,184,10.3,32,beach seine,0,61,56,1.6715,I,0.0094,6,3.22,NA,0.5844681,361L,10.695,89.305
Pacific cod,EFH18/19-260,Cook Bay,EG South,7/2/2020,July,2020,184,10.3,32,beach seine,0,53,49,1.0231,I,0.0054,5,4.34,NA,0.5548135,362L,3.333,96.667
Pacific cod,EFH18/19-261,Cook Bay,EG South,7/2/2020,July,2020,184,10.3,32,beach seine,0,55,51,1.3008,I,0.009,4,3.98,NA,0.7258065,363L,2.754,97.246
Pacific cod,EFH18/19-262,Cook Bay,EG South,7/2/2020,July,2020,184,10.3,32,beach seine,0,55,51,1.1319,I,0.0055,4,3.1,NA,0.5039861,364L,4.879,95.121
Pacific cod,EFH18/19-263,Cook Bay,EG South,7/2/2020,July,2020,184,10.3,32,beach seine,0,59,54,1.3941,I,0.0055,6,5.78,NA,0.4204893,365L,2.045,97.955
Pacific cod,EFH18/19-264,Cook Bay,EG South,7/2/2020,July,2020,184,10.3,32,beach seine,0,62,58,1.6267,I,0.0088,6,8.16,NA,0.5925128,366L,2.422,97.578
Pacific cod,EFH18/19-265,Cook Bay,EG South,7/2/2020,July,2020,184,10.3,32,beach seine,0,56,53,1.316,I,0.0044,4,2.7,NA,0.3448006,367L,2.273,97.727
Pacific cod,EFH18/19-266,Cook Bay,EG South,7/2/2020,July,2020,184,10.3,32,beach seine,0,59,55,1.3113,I,0.006,4,2.75,NA,0.4727015,368L,4.036,95.964
Pacific cod,EFH18/19-267,Cook Bay,EG South,8/21/2020,Aug,2020,234,13.1,31.7,beach seine,0,90,85,5.9001,I,0.0319,4,6.22,NA,0.5798629,369L,5.519,94.481
Pacific cod,EFH18/19-268,Cook Bay,EG South,8/21/2020,Aug,2020,234,13.1,31.7,beach seine,0,86,81,5.0101,I,0.0357,4,4.84,NA,0.7544219,370L,2.748,97.252
Pacific cod,EFH18/19-269,Cook Bay,EG South,8/21/2020,Aug,2020,234,13.1,31.7,beach seine,0,98,93,8.2014,I,0.0579,6,11.44,NA,0.8035751,371L,10.285,89.715
Pacific cod,EFH18/19-270,Cook Bay,EG South,8/21/2020,Aug,2020,234,13.1,31.7,beach seine,0,83,78,4.4455,I,0.0379,4,4.89,NA,0.9044914,372L,2.181,97.819
Pacific cod,EFH18/19-271,Cook Bay,EG South,8/21/2020,Aug,2020,234,13.1,31.7,beach seine,0,95,88,7.5158,I,0.0282,3,4.1,NA,0.3927686,373L,0.841,99.159
Pacific cod,EFH18/19-272,Cook Bay,EG South,8/21/2020,Aug,2020,234,13.1,31.7,beach seine,0,64,60,2.0039,I,0.0063,3,3.85,NA,0.3280396,374L,1.5,98.5
Pacific cod,EFH18/19-273,Cook Bay,EG South,8/21/2020,Aug,2020,234,13.1,31.7,beach seine,0,66,61,2.2426,I,0.0078,5,7.35,NA,0.3768298,375L,1.615,98.385
Pacific cod,EFH18/19-274,Cook Bay,EG South,8/21/2020,Aug,2020,234,13.1,31.7,beach seine,0,98,91,7.8667,I,0.0301,4,4.15,NA,0.4007829,376L,0.89,99.11
Pacific cod,EFH18/19-275,Cook Bay,EG South,8/21/2020,Aug,2020,234,13.1,31.7,beach seine,0,89,82,5.2554,I,0.0102,3,3.06,NA,0.2006097,377L,1.735,98.265
Pacific cod,EFH18/19-276,Cook Bay,EG South,8/21/2020,Aug,2020,234,13.1,31.7,beach seine,0,95,87,6.6907,I,0.0299,5,5.46,NA,0.47495,378L,1.082,98.918
Pacific cod,EFH18/19-277,Cook Bay,EG South,8/21/2020,Aug,2020,234,13.1,31.7,beach seine,0,80,74,4.4283,I,0.0297,4,5.13,NA,0.7119912,379L,2.623,97.377
Pacific cod,EFH18/19-278,Cook Bay,EG South,8/21/2020,Aug,2020,234,13.1,31.7,beach seine,0,94,87,6.8273,I,0.0429,4,5.7,NA,0.6708051,380L,3.307,96.693
Pacific cod,EFH18/19-279,Cook Bay,EG South,8/21/2020,Aug,2020,234,13.1,31.7,beach seine,0,79,74,3.8417,I,0.0207,6,9.19,NA,0.5968686,381L,2.089,97.911
Pacific cod,EFH18/19-280,Cook Bay,EG South,8/21/2020,Aug,2020,234,13.1,31.7,beach seine,0,86,80,4.4468,I,0.0189,4,4.18,NA,0.4455446,382L,1.198,98.802
Pacific cod,EFH18/19-281,Cook Bay,EG South,8/21/2020,Aug,2020,234,13.1,31.7,beach seine,0,70,65,2.3575,I,0.0137,5,5.81,NA,0.6207803,383L,0.901,99.099
Pacific cod,EFH18/19-282,Cook Bay,EG South,8/21/2020,Aug,2020,234,13.1,31.7,beach seine,0,77,72,3.5569,I,0.0144,5,5.9,NA,0.4320951,384L,2.646,97.354
Pacific cod,EFH18/19-283,Cook Bay,EG South,8/21/2020,Aug,2020,234,13.1,31.7,beach seine,0,92,86,7.5231,I,0.0223,6,11.57,NA,0.3363195,385L,2.269,97.731
Pacific cod,EFH18/19-284,Cook Bay,EG South,8/21/2020,Aug,2020,234,13.1,31.7,beach seine,0,83,76,4.5212,I,0.0209,5,6.89,NA,0.4989258,386L,4.314,95.686
Pacific cod,EFH18/19-285,Cook Bay,EG South,8/21/2020,Aug,2020,234,13.1,31.7,beach seine,0,108,101,11.1528,I,0.0794,4,6.3,NA,0.7655816,387L,4.382,95.618
Pacific cod,EFH18/19-286,Cook Bay,EG South,8/21/2020,Aug,2020,234,13.1,31.7,beach seine,0,86,80,4.4906,I,0.0152,5,6.51,NA,0.3633582,388L,1.448,98.552
Pacific cod,EFH18/19-287,Cook Bay,EG South,10/16/2020,Oct,2020,290,8.6,31.4,beach seine,0,91,84,6.0688,I,0.0476,2,3.75,NA,0.8215962,389L,4.547,95.453
Pacific cod,EFH18/19-288,Cook Bay,EG South,10/16/2020,Oct,2020,290,8.6,31.4,beach seine,0,76,69,3.3301,I,0.0249,4,4.04,NA,0.7853155,390L,3.847,96.153
Pacific cod,EFH18/19-289,Cook Bay,EG South,10/16/2020,Oct,2020,290,8.6,31.4,beach seine,0,101,94,8.7967,I,0.0546,4,4.4,NA,0.6535165,391L,5.852,94.148
Pacific cod,EFH18/19-290,Cook Bay,EG South,10/16/2020,Oct,2020,290,8.6,31.4,beach seine,0,90,83,6.0526,I,0.0583,3,4.27,NA,1.0164232,392L,2.848,97.152
Pacific cod,EFH18/19-291,Cook Bay,EG South,10/16/2020,Oct,2020,290,8.6,31.4,beach seine,0,118,110,13.9083,I,0.1185,3,3.7,NA,0.8926352,393L,3.383,96.617
Pacific cod,EFH18/19-292,Cook Bay,EG South,10/16/2020,Oct,2020,290,8.6,31.4,beach seine,0,93,87,7.0469,I,0.0642,4,3.19,NA,0.9499852,394L,9.937,90.063
Pacific cod,EFH18/19-293,Cook Bay,EG South,10/16/2020,Oct,2020,290,8.6,31.4,beach seine,0,79,74,3.7247,I,0.0131,5,6.7,NA,0.378394,395L,1.197,98.803
Pacific cod,EFH18/19-294,Cook Bay,EG South,10/16/2020,Oct,2020,290,8.6,31.4,beach seine,0,64,59,1.9847,I,0.0096,3,3.22,NA,0.5023022,396L,0.731,99.269
Pacific cod,EFH18/19-295,Cook Bay,EG South,10/16/2020,Oct,2020,290,8.6,31.4,beach seine,0,92,86,6.2127,I,0.0445,4,3.99,NA,0.7516257,397L,2.867,97.133
Pacific cod,EFH18/19-296,Cook Bay,EG South,10/16/2020,Oct,2020,290,8.6,31.4,beach seine,0,133,124,21.8445,I,0.2401,5,5.26,NA,1.1738248,398L,19.231,80.769
Pacific cod,EFH18/19-297,Cook Bay,EG South,10/16/2020,Oct,2020,290,8.6,31.4,beach seine,0,96,88,8.0252,I,0.0646,5,5.24,NA,0.8567753,399L,6.783,93.217
Pacific cod,EFH18/19-298,Cook Bay,EG South,10/16/2020,Oct,2020,290,8.6,31.4,beach seine,0,102,94,8.2803,I,0.1046,3,2.87,NA,1.3176625,400L,19.59,80.41
Pacific cod,EFH18/19-299,Cook Bay,EG South,10/16/2020,Oct,2020,290,8.6,31.4,beach seine,0,134,125,20.6578,M,0.3915,2,2.14,NA,1.9747992,401L,40.278,59.722
Pacific cod,EFH18/19-300,Cook Bay,EG South,10/16/2020,Oct,2020,290,8.6,31.4,beach seine,0,88,82,5.1252,I,0.0356,3,3.01,NA,0.7213194,402L,3.009,96.991
Pacific cod,EFH18/19-301,Cook Bay,EG South,10/16/2020,Oct,2020,290,8.6,31.4,beach seine,0,105,98,9.6148,I,0.0313,4,4.7,NA,0.3427508,403L,0.824,99.176
Pacific cod,EFH18/19-302,Cook Bay,EG South,10/16/2020,Oct,2020,290,8.6,31.4,beach seine,0,115,107,12.9382,I,0.1284,5,6.98,NA,1.0783392,404L,8.552,91.448
Pacific cod,EFH18/19-303,Cook Bay,EG South,10/16/2020,Oct,2020,290,8.6,31.4,beach seine,0,107,99,11.049,I,0.0812,6,6.55,NA,0.7926823,405L,6.323,93.677
Pacific cod,EFH18/19-304,Cook Bay,EG South,10/16/2020,Oct,2020,290,8.6,31.4,beach seine,0,125,116,15.5129,M,0.2394,6,4.08,NA,1.6351119,406L,40.453,59.547
Pacific cod,EFH18/19-305,Cook Bay,EG South,10/16/2020,Oct,2020,290,8.6,31.4,beach seine,0,103,96,8.6389,I,0.0471,5,4.03,NA,0.5713315,407L,2.538,97.462
Pacific cod,EFH18/19-306,Cook Bay,EG South,10/16/2020,Oct,2020,290,8.6,31.4,beach seine,0,109,101,10.7011,I,0.1593,4,3.51,NA,1.5669263,408L,27.345,71.625
Pacific cod,EFH18/19-96,Cook Bay,EG South,7/16/2018,July,2018,197,10.9,30.9,beach seine,0,60,56,1.774,I,0.0175,3,4.52,0.012671977,1.0439659,97L,2.228,97.772
Pacific cod,EFH18/19-97,Cook Bay,EG South,7/16/2018,July,2018,197,10.9,30.9,beach seine,0,53,49,1.214,I,0.006,4,4.18,0.006338475,0.5184481,98L,1.904,98.096
Pacific cod,EFH18/19-98,Cook Bay,EG South,7/16/2018,July,2018,197,10.9,30.9,beach seine,0,54,49,1.3491,I,0.01,4,4.88,0.009436633,0.7854226,99L,1.486,98.514
Pacific cod,EFH18/19-231,Cook Bay,EG South,6/6/2020,June,2020,158,8.3,31.9,beach seine,0,27,24,0.143,I,0,3,2.1,NA,0.00714,,NA,NA
Pacific cod,EFH18/19-232,Cook Bay,EG South,6/6/2020,June,2020,158,8.3,31.9,beach seine,0,28,25,0.1504,I,0,3,2.46,NA,0.00682,,NA,NA
Pacific cod,EFH18/19-233,Cook Bay,EG South,6/6/2020,June,2020,158,8.3,31.9,beach seine,0,23,21,0.1142,I,0,2,1.4,NA,0.00888,,NA,NA
Pacific cod,EFH18/19-234,Cook Bay,EG South,6/6/2020,June,2020,158,8.3,31.9,beach seine,0,29,26,0.199,I,0,5,3.42,NA,0.0052,,NA,NA
Pacific cod,EFH18/19-236,Cook Bay,EG South,6/6/2020,June,2020,158,8.3,31.9,beach seine,0,28,25,0.2018,I,0,5,2.08,NA,0.00506,,NA,NA
Pacific cod,EFH18/19-239,Cook Bay,EG South,6/6/2020,June,2020,158,8.3,31.9,beach seine,0,34,31,0.2835,I,0,5,4.02,NA,0.00368,,NA,NA
Pacific cod,EFH18/19-240,Cook Bay,EG South,6/6/2020,June,2020,158,8.3,31.9,beach seine,0,31,28,0.2348,I,0,5,3.15,NA,0.0044,,NA,NA
Pacific cod,EFH18/19-241,Cook Bay,EG South,6/6/2020,June,2020,158,8.3,31.9,beach seine,0,35,31,0.2936,I,0,3,3.78,NA,0.00354,,NA,NA
Pacific cod,EFH18/19-242,Cook Bay,EG South,6/6/2020,June,2020,158,8.3,31.9,beach seine,0,29,26,0.168,I,0,4,2.44,NA,0.0061,,NA,NA
Pacific cod,EFH18/19-243,Cook Bay,EG South,6/6/2020,June,2020,158,8.3,31.9,beach seine,0,38,35,0.4358,I,0,4,2.98,NA,0.00237,,NA,NA
Pacific cod,EFH18/19-244,Cook Bay,EG South,6/6/2020,June,2020,158,8.3,31.9,beach seine,0,38,35,0.5144,I,0,2,2.02,NA,0.00198,,NA,NA
Pacific cod,EFH18/19-245,Cook Bay,EG South,6/6/2020,June,2020,158,8.3,31.9,beach seine,0,37,34,0.4275,I,0,3,3.77,NA,0.00243,,NA,NA
Pacific cod,EFH18/19-246,Cook Bay,EG South,6/6/2020,June,2020,158,8.3,31.9,beach seine,0,33,30,0.2585,I,0,4,3.13,NA,0.00399,,NA,NA
